<?xml version="1.0" encoding="UTF-8"?><artifacts>
    <artifact name="TypesCatalogsDataService" groupId="com.centra-id.dss.dataservice" version="1.0.0" type="service/dataservice" serverRole="DataServicesServer">
        <file>dataservice/TypesCatalogsDataService.dbs</file>
    </artifact>
    <artifact name="CatalogsDataService" groupId="com.centra-id.dss.dataservice" version="1.0.0" type="service/dataservice" serverRole="DataServicesServer">
        <file>dataservice/CatalogsDataService.dbs</file>
    </artifact>
    <artifact name="CompaniesDataService" groupId="com.centra-id.dss.dataservice" version="1.0.0" type="service/dataservice" serverRole="DataServicesServer">
        <file>dataservice/CompaniesDataService.dbs</file>
    </artifact>
    <artifact name="DistributionListDataService" groupId="com.centra-id.dss.dataservice" version="1.0.0" type="service/dataservice" serverRole="DataServicesServer">
        <file>dataservice/DistributionListDataService.dbs</file>
    </artifact>
    <artifact name="DistributionListDetailDataService" groupId="com.centra-id.dss.dataservice" version="1.0.0" type="service/dataservice" serverRole="DataServicesServer">
        <file>dataservice/DistributionListDetailDataService.dbs</file>
    </artifact>
    <artifact name="GeographicalLocationsDataService" groupId="com.centra-id.dss.dataservice" version="1.0.0" type="service/dataservice" serverRole="DataServicesServer">
        <file>dataservice/GeographicalLocationsDataService.dbs</file>
    </artifact>
    <artifact name="GlobalParametersDataService" groupId="com.centra-id.dss.dataservice" version="1.0.0" type="service/dataservice" serverRole="DataServicesServer">
        <file>dataservice/GlobalParametersDataService.dbs</file>
    </artifact>
    <artifact name="ProcessDataService" groupId="com.centra-id.dss.dataservice" version="1.0.0" type="service/dataservice" serverRole="DataServicesServer">
        <file>dataservice/ProcessDataService.dbs</file>
    </artifact>
    <artifact name="ProcessDistributionListDataService" groupId="com.centra-id.dss.dataservice" version="1.0.0" type="service/dataservice" serverRole="DataServicesServer">
        <file>dataservice/ProcessDistributionListDataService.dbs</file>
    </artifact>
    <artifact name="HierarchiesDataService" groupId="com.centra-id.dss.dataservice" version="1.0.0" type="service/dataservice" serverRole="DataServicesServer">
        <file>dataservice/HierarchiesDataService.dbs</file>
    </artifact>
    <artifact name="OrganizationsStructuresDataService" groupId="com.centra-id.dss.dataservice" version="1.0.0" type="service/dataservice" serverRole="DataServicesServer">
        <file>dataservice/OrganizationsStructuresDataService.dbs</file>
    </artifact>
    <artifact name="MassiveProcessDataService" groupId="com.centra-id.dss.dataservice" version="1.0.0" type="service/dataservice" serverRole="DataServicesServer">
        <file>dataservice/MassiveProcessDataService.dbs</file>
    </artifact>
    <artifact name="CostsCentersDataService" groupId="com.centra-id.dss.dataservice" version="1.0.0" type="service/dataservice" serverRole="DataServicesServer">
        <file>dataservice/CostsCentersDataService.dbs</file>
    </artifact>
    <artifact name="TypesUsersDataService" groupId="com.centra-id.dss.dataservice" version="1.0.0" type="service/dataservice" serverRole="DataServicesServer">
        <file>dataservice/TypesUsersDataService.dbs</file>
    </artifact>
    <artifact name="MassiveProcessProblemsDataService" groupId="com.centra-id.dss.dataservice" version="1.0.0" type="service/dataservice" serverRole="DataServicesServer">
        <file>dataservice/MassiveProcessProblemsDataService.dbs</file>
    </artifact>
    <artifact name="UsersDataService" groupId="com.centra-id.dss.dataservice" version="1.0.0" type="service/dataservice" serverRole="DataServicesServer">
        <file>dataservice/UsersDataService.dbs</file>
    </artifact>
    <artifact name="GuidsDataService" groupId="com.centra-id.dss.dataservice" version="1.0.0" type="service/dataservice" serverRole="DataServicesServer">
        <file>dataservice/GuidsDataService.dbs</file>
    </artifact>
    <artifact name="TransactionalProfilesDataService" groupId="com.centra-id.dss.dataservice" version="1.0.0" type="service/dataservice" serverRole="DataServicesServer">
        <file>dataservice/TransactionalProfilesDataService.dbs</file>
    </artifact>
    <artifact name="ApplicationsProfilesDataService" groupId="com.centra-id.dss.dataservice" version="1.0.0" type="service/dataservice" serverRole="DataServicesServer">
        <file>dataservice/ApplicationsProfilesDataService.dbs</file>
    </artifact>
    <artifact name="ApplicationsDataService" groupId="com.centra-id.dss.dataservice" version="1.0.0" type="service/dataservice" serverRole="DataServicesServer">
        <file>dataservice/ApplicationsDataService.dbs</file>
    </artifact>
    <artifact name="DynamicDataService" groupId="com.centra-id.dss.dataservice" version="1.0.0" type="service/dataservice" serverRole="DataServicesServer">
        <file>dataservice/DynamicDataService.dbs</file>
    </artifact>
    <artifact name="LogTransactional_DataService" groupId="com.centra-id.dss.dataservice" version="1.0.0" type="service/dataservice" serverRole="DataServicesServer">
        <file>dataservice/LogTransactional_DataService.dbs</file>
    </artifact>
    <artifact name="LogPerformance_DataService" groupId="com.centra-id.dss.dataservice" version="1.0.0" type="service/dataservice" serverRole="DataServicesServer">
        <file>dataservice/LogPerformance_DataService.dbs</file>
    </artifact>
    <artifact name="LogExceptions_DataService" groupId="com.centra-id.dss.dataservice" version="1.0.0" type="service/dataservice" serverRole="DataServicesServer">
        <file>dataservice/LogExceptions_DataService.dbs</file>
    </artifact>
    <artifact name="EntityCatalogDSS" groupId="com.centra-id.dss.dataservice" version="1.0.0" type="service/dataservice" serverRole="DataServicesServer">
        <file>dataservice/EntityCatalogDSS.dbs</file>
    </artifact>
    <artifact name="EntityGlobalParameterDSS" groupId="com.centra-id.dss.dataservice" version="1.0.0" type="service/dataservice" serverRole="DataServicesServer">
        <file>dataservice/EntityGlobalParameterDSS.dbs</file>
    </artifact>
    <artifact name="EntityCostCenterDSS" groupId="com.centra-id.dss.dataservice" version="1.0.0" type="service/dataservice" serverRole="DataServicesServer">
        <file>dataservice/EntityCostCenterDSS.dbs</file>
    </artifact>
    <artifact name="EntityCatalogTypeDSS" groupId="com.centra-id.dss.dataservice" version="1.0.0" type="service/dataservice" serverRole="DataServicesServer">
        <file>dataservice/EntityCatalogTypeDSS.dbs</file>
    </artifact>
    <artifact name="EntityCompanyDSS" groupId="com.centra-id.dss.dataservice" version="1.0.0" type="service/dataservice" serverRole="DataServicesServer">
        <file>dataservice/EntityCompanyDSS.dbs</file>
    </artifact>
    <artifact name="EntityCompanyStructureDSS" groupId="com.centra-id.dss.dataservice" version="1.0.0" type="service/dataservice" serverRole="DataServicesServer">
        <file>dataservice/EntityCompanyStructureDSS.dbs</file>
    </artifact>
    <artifact name="EntityUserDSS" groupId="com.centra-id.dss.dataservice" version="1.0.0" type="service/dataservice" serverRole="DataServicesServer">
        <file>dataservice/EntityUserDSS.dbs</file>
    </artifact>
    <artifact name="EntityCatalogHierarchyDSS" groupId="com.centra-id.dss.dataservice" version="1.0.0" type="service/dataservice" serverRole="DataServicesServer">
        <file>dataservice/EntityCatalogHierarchyDSS.dbs</file>
    </artifact>
    <artifact name="EntityApplicationGroupDSS" groupId="com.centra-id.dss.dataservice" version="1.0.0" type="service/dataservice" serverRole="DataServicesServer">
        <file>dataservice/EntityApplicationGroupDSS.dbs</file>
    </artifact>
    <artifact name="EntityApplicationDSS" groupId="com.centra-id.dss.dataservice" version="1.0.0" type="service/dataservice" serverRole="DataServicesServer">
        <file>dataservice/EntityApplicationDSS.dbs</file>
    </artifact>
    <artifact name="EntityFieldDSS" groupId="com.centra-id.dss.dataservice" version="1.0.0" type="service/dataservice" serverRole="DataServicesServer">
        <file>dataservice/EntityFieldDSS.dbs</file>
    </artifact>
    <artifact name="EntityGlobalProfileDSS" groupId="com.centra-id.dss.dataservice" version="1.0.0" type="service/dataservice" serverRole="DataServicesServer">
        <file>dataservice/EntityGlobalProfileDSS.dbs</file>
    </artifact>
    <artifact name="EntityGlobalProfileDSS" groupId="com.centra-id.dss.dataservice" version="1.0.0" type="service/dataservice" serverRole="DataServicesServer">
        <file>dataservice/EntityGlobalProfileDSS.dbs</file>
    </artifact>
    <artifact name="EntityTransactionalProfileDSS" groupId="com.centra-id.dss.dataservice" version="1.0.0" type="service/dataservice" serverRole="DataServicesServer">
        <file>dataservice/EntityTransactionalProfileDSS.dbs</file>
    </artifact>
    <artifact name="EntityDefaultProfileDSS" groupId="com.centra-id.dss.dataservice" version="1.0.0" type="service/dataservice" serverRole="DataServicesServer">
        <file>dataservice/EntityDefaultProfileDSS.dbs</file>
    </artifact>
    <artifact name="EntityGlobalTransactionalProfileDSS" groupId="com.centra-id.dss.dataservice" version="1.0.0" type="service/dataservice" serverRole="DataServicesServer">
        <file>dataservice/EntityGlobalTransactionalProfileDSS.dbs</file>
    </artifact>
    <artifact name="EntityTemplateProfileDSS" groupId="com.centra-id.dss.dataservice" version="1.0.0" type="service/dataservice" serverRole="DataServicesServer">
        <file>dataservice/EntityTemplateProfileDSS.dbs</file>
    </artifact>
    <artifact name="EntityHistoryScopeRulesDSS" groupId="com.centra-id.dss.dataservice" version="1.0.0" type="service/dataservice" serverRole="DataServicesServer">
        <file>dataservice/EntityHistoryScopeRulesDSS.dbs</file>
    </artifact>
    <artifact name="EntityUserDataDSS" groupId="com.centra-id.dss.dataservice" version="1.0.0" type="service/dataservice" serverRole="DataServicesServer">
        <file>dataservice/EntityUserDataDSS.dbs</file>
    </artifact>
    <artifact name="EntityMatrixDSS" groupId="com.centra-id.dss.dataservice" version="1.0.0" type="service/dataservice" serverRole="DataServicesServer">
        <file>dataservice/EntityMatrixDSS.dbs</file>
    </artifact>
    <artifact name="EntityMatrixDetailDSS" groupId="com.centra-id.dss.dataservice" version="1.0.0" type="service/dataservice" serverRole="DataServicesServer">
        <file>dataservice/EntityMatrixDetailDSS.dbs</file>
    </artifact>
    <artifact name="EntityTemplateProfileMatrixDSS" groupId="com.centra-id.dss.dataservice" version="1.0.0" type="service/dataservice" serverRole="DataServicesServer">
        <file>dataservice/EntityTemplateProfileMatrixDSS.dbs</file>
    </artifact>
    <artifact name="EntityTemplateProfileMatrixGroupDSS" groupId="com.centra-id.dss.dataservice" version="1.0.0" type="service/dataservice" serverRole="DataServicesServer">
        <file>dataservice/EntityTemplateProfileMatrixGroupDSS.dbs</file>
    </artifact>
    <artifact name="EntityTemplateProfileMatrixDetailDSS" groupId="com.centra-id.dss.dataservice" version="1.0.0" type="service/dataservice" serverRole="DataServicesServer">
        <file>dataservice/EntityTemplateProfileMatrixDetailDSS.dbs</file>
    </artifact>
    <artifact name="EntityTypeUserDSS" groupId="com.centra-id.dss.dataservice" version="1.0.0" type="service/dataservice" serverRole="DataServicesServer">
        <file>dataservice/EntityTypeUserDSS.dbs</file>
    </artifact>
    <artifact name="GlobalProfilesDataService" groupId="com.centra-id.dss.dataservice" version="1.0.0" type="service/dataservice" serverRole="DataServicesServer">
        <file>dataservice/GlobalProfilesDataService.dbs</file>
    </artifact>
    <artifact name="EntityTransactionalIdentityDSS" groupId="com.centra-id.dss.dataservice" version="1.0.0" type="service/dataservice" serverRole="DataServicesServer">
        <file>dataservice/EntityTransactionalIdentityDSS.dbs</file>
    </artifact>
    <artifact name="EntityDefaultProfileSimpleDSS" groupId="com.centra-id.dss.dataservice" version="1.0.0" type="service/dataservice" serverRole="DataServicesServer">
        <file>dataservice/EntityDefaultProfileSimpleDSS.dbs</file>
    </artifact>
    <artifact name="EntityUserDataSimpleDSS" groupId="com.centra-id.dss.dataservice" version="1.0.0" type="service/dataservice" serverRole="DataServicesServer">
        <file>dataservice/EntityUserDataSimpleDSS.dbs</file>
    </artifact>
    <artifact name="EntityRestUserStoreScimDSS" groupId="com.centra-id.dss.dataservice" version="1.0.0" type="service/dataservice" serverRole="DataServicesServer">
        <file>dataservice/EntityRestUserStoreScimDSS.dbs</file>
    </artifact>
    <artifact name="EntityTaskProvisioningHistoryDSS" groupId="com.centra-id.dss.dataservice" version="1.0.0" type="service/dataservice" serverRole="DataServicesServer">
        <file>dataservice/EntityTaskProvisioningHistoryDSS.dbs</file>
    </artifact>
    <artifact name="EntityTaskProvisioningDSS" groupId="com.centra-id.dss.dataservice" version="1.0.0" type="service/dataservice" serverRole="DataServicesServer">
        <file>dataservice/EntityTaskProvisioningDSS.dbs</file>
    </artifact>
    <artifact name="EntityOperationProvisioningDSS" groupId="com.centra-id.dss.dataservice" version="1.0.0" type="service/dataservice" serverRole="DataServicesServer">
        <file>dataservice/EntityOperationProvisioningDSS.dbs</file>
    </artifact>
    <artifact name="EntityMenuDSS" groupId="com.centra-id.dss.dataservice" version="1.0.0" type="service/dataservice" serverRole="DataServicesServer">
        <file>dataservice/EntityMenuDSS.dbs</file>
    </artifact>
    <artifact name="EntityTransactionalProfileSimpleDSS" groupId="com.centra-id.dss.dataservice" version="1.0.0" type="service/dataservice" serverRole="DataServicesServer">
        <file>dataservice/EntityTransactionalProfileSimpleDSS.dbs</file>
    </artifact>
    <artifact name="EntityTaskProvisioningSimpleDSS" groupId="com.centra-id.dss.dataservice" version="1.0.0" type="service/dataservice" serverRole="DataServicesServer">
        <file>dataservice/EntityTaskProvisioningSimpleDSS.dbs</file>
    </artifact>
    <artifact name="EntityApplicationSimpleDSS" groupId="com.centra-id.dss.dataservice" version="1.0.0" type="service/dataservice" serverRole="DataServicesServer">
        <file>dataservice/EntityApplicationSimpleDSS.dbs</file>
    </artifact>
    <artifact name="EntityTransactionalProfileReportDSS" groupId="com.centra-id.dss.dataservice" version="1.0.0" type="service/dataservice" serverRole="DataServicesServer">
        <file>dataservice/EntityTransactionalProfileReportDSS.dbs</file>
    </artifact>
    <artifact name="EntityGlobalTransactionalProfileReportDSS" groupId="com.centra-id.dss.dataservice" version="1.0.0" type="service/dataservice" serverRole="DataServicesServer">
        <file>dataservice/EntityGlobalTransactionalProfileReportDSS.dbs</file>
    </artifact>
    <artifact name="EntityGlobalProfileReportDSS" groupId="com.centra-id.dss.dataservice" version="1.0.0" type="service/dataservice" serverRole="DataServicesServer">
        <file>dataservice/EntityGlobalProfileReportDSS.dbs</file>
    </artifact>
    <artifact name="EntityUserdataReportDSS" groupId="com.centra-id.dss.dataservice" version="1.0.0" type="service/dataservice" serverRole="DataServicesServer">
        <file>dataservice/EntityUserdataReportDSS.dbs</file>
    </artifact>
    <artifact name="EntityDefaultProfileReportDSS" groupId="com.centra-id.dss.dataservice" version="1.0.0" type="service/dataservice" serverRole="DataServicesServer">
        <file>dataservice/EntityDefaultProfileReportDSS.dbs</file>
    </artifact>
    <artifact name="EntityTemplateProfileSimpleDSS" groupId="com.centra-id.dss.dataservice" version="1.0.0" type="service/dataservice" serverRole="DataServicesServer">
        <file>dataservice/EntityTemplateProfileSimpleDSS.dbs</file>
    </artifact>
    <artifact name="EntityTemplateProfileMatrixSimpleDSS" groupId="com.centra-id.dss.dataservice" version="1.0.0" type="service/dataservice" serverRole="DataServicesServer">
        <file>dataservice/EntityTemplateProfileMatrixSimpleDSS.dbs</file>
    </artifact>
    <artifact name="EntityUserMigrationErrorDSS" groupId="com.centra-id.dss.dataservice" version="1.0.0" type="service/dataservice" serverRole="DataServicesServer">
        <file>dataservice/EntityUserMigrationErrorDSS.dbs</file>
    </artifact>
    <artifact name="EntityUserDataSearchDSS" groupId="com.centra-id.dss.dataservice" version="1.0.0" type="service/dataservice" serverRole="DataServicesServer">
        <file>dataservice/EntityUserDataSearchDSS.dbs</file>
    </artifact>
    <artifact name="EntityChallengeQuestionDSS" groupId="com.centra-id.dss.dataservice" version="1.0.0" type="service/dataservice" serverRole="DataServicesServer">
        <file>dataservice/EntityChallengeQuestionDSS.dbs</file>
    </artifact>
    <artifact name="EntityFieldSimpleDSS" groupId="com.centra-id.dss.dataservice" version="1.0.0" type="service/dataservice" serverRole="DataServicesServer">
        <file>dataservice/EntityFieldSimpleDSS.dbs</file>
    </artifact>
    <artifact name="EntityMatrixSimpleDSS" groupId="com.centra-id.dss.dataservice" version="1.0.0" type="service/dataservice" serverRole="DataServicesServer">
        <file>dataservice/EntityMatrixSimpleDSS.dbs</file>
    </artifact>
    <artifact name="EntityProfilesSynchronizationDSS" groupId="com.centra-id.dss.dataservice" version="1.0.0" type="service/dataservice" serverRole="DataServicesServer">
        <file>dataservice/EntityProfilesSynchronizationDSS.dbs</file>
    </artifact>
    <artifact name="EntityProfilesSynchronizationExecutionDSS" groupId="com.centra-id.dss.dataservice" version="1.0.0" type="service/dataservice" serverRole="DataServicesServer">
        <file>dataservice/EntityProfilesSynchronizationExecutionDSS.dbs</file>
    </artifact>
    <artifact name="EntityGlobalTransactionalProfileSimpleDSS" groupId="com.centra-id.dss.dataservice" version="1.0.0" type="service/dataservice" serverRole="DataServicesServer">
        <file>dataservice/EntityGlobalTransactionalProfileSimpleDSS.dbs</file>
    </artifact>
    <artifact name="EntityTemplateProfileAdDSS" groupId="com.centra-id.dss.dataservice" version="1.0.0" type="service/dataservice" serverRole="DataServicesServer">
        <file>dataservice/EntityTemplateProfileAdDSS.dbs</file>
    </artifact>
    <artifact name="EntityRecordFilesDSS" groupId="com.centra-id.dss.dataservice" version="1.0.0" type="service/dataservice" serverRole="DataServicesServer">
        <file>dataservice/EntityRecordFilesDSS.dbs</file>
    </artifact>
</artifacts>
