<?xml version="1.0" encoding="UTF-8"?>
<con:soapui-project id="69c1f9cd-7622-49a6-841e-377b6cc0a814" activeEnvironment="Default" name="GIGeneric" resourceRoot="${projectDir}" soapui-version="5.4.0" abortOnError="false" runType="SEQUENTIAL" xmlns:con="http://eviware.com/soapui/config"><con:settings/><con:interface xsi:type="con:WsdlInterface" id="56c6964e-9fdf-4233-a248-16b106c04d1b" wsaVersion="NONE" name="GIGenericSoap11Binding" type="wsdl" bindingName="{http://tempuri.org/}GIGenericSoap11Binding" soapVersion="1_1" anonymous="optional" definition="https://gw-integrator.apps.desa.bpichincha.com/services/GIGeneric?wsdl" xmlns:xsi="http://www.w3.org/2001/XMLSchema-instance"><con:settings/><con:definitionCache/><con:endpoints><con:endpoint>http://gw-integrator.apps.desa.bpichincha.com/services/GIGeneric.GIGenericHttpSoap11Endpoint</con:endpoint><con:endpoint>https://gw-integrator.apps.desa.bpichincha.com/services/GIGeneric.GIGenericHttpsSoap11Endpoint</con:endpoint></con:endpoints><con:operation id="7c9b6a77-66a2-47b6-8ac0-a4746280ee38" isOneWay="false" action="http://tempuri.org/consultarUsuario" name="consultarUsuario" bindingOperationName="consultarUsuario" type="Request-Response" inputName="" receivesAttachments="false" sendsAttachments="false" anonymous="optional"><con:settings/><con:call id="97e8905f-6e6f-401e-afaf-32d2ee53cc4e" name="LOGICIEL"><con:settings><con:setting id="com.eviware.soapui.impl.wsdl.WsdlRequest@request-headers">&lt;xml-fragment/></con:setting></con:settings><con:encoding>UTF-8</con:encoding><con:endpoint>https://gw-integrator.apps.desa.bpichincha.com/services/GIGeneric.GIGenericHttpSoap11Endpoint</con:endpoint><con:request><![CDATA[<soapenv:Envelope xmlns:soapenv="http://schemas.xmlsoap.org/soap/envelope/" xmlns:tem="http://tempuri.org/">\r
   <soapenv:Header/>\r
   <soapenv:Body>\r
      <tem:consultarUsuario>\r
         <tem:guid>23A2C461-4F4F-61E6-3A99-2269C0BF4L01</tem:guid>\r
         <tem:uuid>23A2C461-4F4F-61E6-3A99-2269C0BF4L01</tem:uuid>\r
         <tem:tellerName>LOGI4000</tem:tellerName>\r
         <tem:aplicacion>LOGICIEL</tem:aplicacion>\r
      </tem:consultarUsuario>\r
   </soapenv:Body>\r
</soapenv:Envelope>]]></con:request><con:credentials><con:authType>No Authorization</con:authType></con:credentials><con:jmsConfig JMSDeliveryMode="PERSISTENT"/><con:jmsPropertyConfig/><con:wsaConfig mustUnderstand="NONE" version="200508" action="http://tempuri.org/consultarUsuario"/><con:wsrmConfig version="1.2"/></con:call><con:call id="abb14a63-1853-42f7-9ca4-ac10ddfeaebb" name="PPRD"><con:settings><con:setting id="com.eviware.soapui.impl.wsdl.WsdlRequest@request-headers">&lt;xml-fragment/></con:setting></con:settings><con:encoding>UTF-8</con:encoding><con:endpoint>https://gw-integrator.apps.desa.bpichincha.com/services/GIGeneric.GIGenericHttpSoap11Endpoint</con:endpoint><con:request><![CDATA[<soapenv:Envelope xmlns:soapenv="http://schemas.xmlsoap.org/soap/envelope/" xmlns:tem="http://tempuri.org/">\r
   <soapenv:Header/>\r
   <soapenv:Body>\r
      <tem:consultarUsuario>\r
         <tem:guid>23A2C461-4F4F-61E6-3A99-2269C0BF4P01</tem:guid>\r
         <tem:uuid>23A2C461-4F4F-61E6-3A99-2269C0BF4L01</tem:uuid>\r
         <tem:tellerName>Robin</tem:tellerName>\r
         <tem:aplicacion>PPRD</tem:aplicacion>\r
      </tem:consultarUsuario>\r
   </soapenv:Body>\r
</soapenv:Envelope>]]></con:request><con:credentials><con:authType>No Authorization</con:authType></con:credentials><con:jmsConfig JMSDeliveryMode="PERSISTENT"/><con:jmsPropertyConfig/><con:wsaConfig mustUnderstand="NONE" version="200508" action="http://tempuri.org/consultarUsuario"/><con:wsrmConfig version="1.2"/></con:call><con:call id="f1600e75-0385-4f96-acce-ecab3df2782e" name="RHDS"><con:settings><con:setting id="com.eviware.soapui.impl.wsdl.WsdlRequest@request-headers">&lt;xml-fragment/></con:setting></con:settings><con:encoding>UTF-8</con:encoding><con:endpoint>https://gw-integrator.apps.desa.bpichincha.com/services/GIGeneric.GIGenericHttpSoap11Endpoint</con:endpoint><con:request><![CDATA[<soapenv:Envelope xmlns:soapenv="http://schemas.xmlsoap.org/soap/envelope/" xmlns:tem="http://tempuri.org/">\r
   <soapenv:Header/>\r
   <soapenv:Body>\r
      <tem:consultarUsuario>\r
         <tem:guid>23A2C461-4F4F-61E6-3A99-2269C0BF4L01</tem:guid>\r
         <tem:uuid>23A2C461-4F4F-61E6-3A99-2269C0BF4L01</tem:uuid>\r
         <tem:tellerName>wso2user12</tem:tellerName>\r
         <tem:aplicacion>RHDS</tem:aplicacion>\r
      </tem:consultarUsuario>\r
   </soapenv:Body>\r
</soapenv:Envelope>]]></con:request><con:credentials><con:authType>No Authorization</con:authType></con:credentials><con:jmsConfig JMSDeliveryMode="PERSISTENT"/><con:jmsPropertyConfig/><con:wsaConfig mustUnderstand="NONE" version="200508" action="http://tempuri.org/consultarUsuario"/><con:wsrmConfig version="1.2"/></con:call><con:call id="daeb12a6-c6f5-49dc-977f-a4e13013397d" name="BANCS"><con:settings><con:setting id="com.eviware.soapui.impl.wsdl.WsdlRequest@request-headers">&lt;xml-fragment/></con:setting></con:settings><con:encoding>UTF-8</con:encoding><con:endpoint>https://gw-integrator.apps.desa.bpichincha.com/services/GIGeneric.GIGenericHttpSoap11Endpoint</con:endpoint><con:request><![CDATA[<soapenv:Envelope xmlns:soapenv="http://schemas.xmlsoap.org/soap/envelope/" xmlns:tem="http://tempuri.org/">\r
   <soapenv:Header/>\r
   <soapenv:Body>\r
      <tem:consultarUsuario>\r
         <tem:guid>23A2C461-4F4F-61E6-3A99-2269C0B4L01</tem:guid>\r
         <tem:uuid>23A2C461-4F4F-61E6-3A99-2269C0BF4L01</tem:uuid>\r
         <tem:tellerName>98998070</tem:tellerName>\r
         <tem:aplicacion>BANCS</tem:aplicacion>\r
      </tem:consultarUsuario>\r
   </soapenv:Body>\r
</soapenv:Envelope>]]></con:request><con:credentials><con:authType>No Authorization</con:authType></con:credentials><con:jmsConfig JMSDeliveryMode="PERSISTENT"/><con:jmsPropertyConfig/><con:wsaConfig mustUnderstand="NONE" version="200508" action="http://tempuri.org/consultarUsuario"/><con:wsrmConfig version="1.2"/></con:call></con:operation><con:operation id="686b7b1e-295c-4e20-a5b6-bfd1b8d31ad2" isOneWay="false" action="http://tempuri.org/crearRequerimientos" name="crearRequerimientos" bindingOperationName="crearRequerimientos" type="Request-Response" inputName="" receivesAttachments="false" sendsAttachments="false" anonymous="optional"><con:settings/><con:call id="5c543329-2830-4622-a4fd-14406a39840e" name="Request 1"><con:settings/><con:encoding>UTF-8</con:encoding><con:endpoint>http://gw-integrator.apps.desa.bpichincha.com/services/GIGeneric.GIGenericHttpSoap11Endpoint</con:endpoint><con:request><![CDATA[<soapenv:Envelope xmlns:soapenv="http://schemas.xmlsoap.org/soap/envelope/" xmlns:tem="http://tempuri.org/">\r
   <soapenv:Header/>\r
   <soapenv:Body>\r
      <tem:crearRequerimientos>\r
         <tem:guid>?</tem:guid>\r
         <tem:uuid>?</tem:uuid>\r
         <tem:aplicacion>?</tem:aplicacion>\r
         <tem:correoElectronico>?</tem:correoElectronico>\r
         <tem:tellerName>?</tem:tellerName>\r
         <!--Optional:-->\r
         <tem:tellerNumber>?</tem:tellerNumber>\r
         <tem:nombreUsuario>?</tem:nombreUsuario>\r
         <tem:tipoIdentificacion>?</tem:tipoIdentificacion>\r
         <tem:empresa>?</tem:empresa>\r
         <tem:observacion>?</tem:observacion>\r
         <tem:cargo>?</tem:cargo>\r
         <tem:codigoCentroCosto>?</tem:codigoCentroCosto>\r
         <tem:identificacion>?</tem:identificacion>\r
         <tem:celular>?</tem:celular>\r
         <tem:terminal>?</tem:terminal>\r
         <tem:nombresEmpleado>?</tem:nombresEmpleado>\r
         <!--Optional:-->\r
         <tem:apellidosEmpleado>?</tem:apellidosEmpleado>\r
         <!--Optional:-->\r
         <tem:codigoCompania>?</tem:codigoCompania>\r
         <!--Optional:-->\r
         <tem:fechaSalidaEmpleado>?</tem:fechaSalidaEmpleado>\r
         <!--Optional:-->\r
         <tem:fechaIngresoEmpleado>?</tem:fechaIngresoEmpleado>\r
         <!--Optional:-->\r
         <tem:nombreCompania>?</tem:nombreCompania>\r
         <!--Optional:-->\r
         <tem:estadoEmpleado>?</tem:estadoEmpleado>\r
         <!--Optional:-->\r
         <tem:claveAcceso>?</tem:claveAcceso>\r
         <tem:especificos>\r
            <!--Optional:-->\r
            <tem:grupoTransaccion>Only for BANCS</tem:grupoTransaccion>\r
            <!--Optional:-->\r
            <tem:nivelCapacidad>Only for BANCS</tem:nivelCapacidad>\r
            <!--Optional:-->\r
            <tem:nivelCorreo>Only for BANCS</tem:nivelCorreo>\r
            <!--Optional:-->\r
            <tem:userType>Only for BANCS</tem:userType>\r
            <!--Optional:-->\r
            <tem:chngBranchAlwd>Only for BANCS</tem:chngBranchAlwd>\r
            <!--Optional:-->\r
            <tem:brchSup>Only for BANCS</tem:brchSup>\r
            <!--Optional:-->\r
            <tem:atmFlag>Only for BANCS</tem:atmFlag>\r
            <!--Optional:-->\r
            <tem:accsignMod>Only for BANCS</tem:accsignMod>\r
            <!--Optional:-->\r
            <tem:casualApprovallim>Only for BANCS</tem:casualApprovallim>\r
            <!--Optional:-->\r
            <tem:nivelSeguridad>Only for BANCS</tem:nivelSeguridad>\r
            <!--Optional:-->\r
            <tem:estadoUsuario>Only for BANCS</tem:estadoUsuario>\r
            <!--Optional:-->\r
            <tem:perfilUsuario>Only for PPRD</tem:perfilUsuario>\r
            <!--Optional:-->\r
            <tem:loginUsuario>Only for PPRD</tem:loginUsuario>\r
            <!--Optional:-->\r
            <tem:usuarioInterno>Only for PPRD</tem:usuarioInterno>\r
            <!--Optional:-->\r
            <tem:interno>Only for LOGICIEL</tem:interno>\r
            <!--Optional:-->\r
            <tem:enviarMail>Only for LOGICIEL</tem:enviarMail>\r
            <!--Optional:-->\r
            <tem:cambioPwdInicial>Only for LOGICIEL</tem:cambioPwdInicial>\r
            <!--Optional:-->\r
            <tem:codigoTipoUsuario>Only for LOGICIEL</tem:codigoTipoUsuario>\r
            <!--Optional:-->\r
            <tem:codigoRol>Only for LOGICIEL</tem:codigoRol>\r
            <!--Optional:-->\r
            <tem:codigoHorario>Only for LOGICIEL</tem:codigoHorario>\r
            <!--Optional:-->\r
            <tem:loginSupervisor>Only for LOGICIEL</tem:loginSupervisor>\r
            <!--Optional:-->\r
            <tem:codigoAgenciaDefault>Only for LOGICIEL</tem:codigoAgenciaDefault>\r
            <!--Optional:-->\r
            <tem:validarAtributosPerfil>Only for LOGICIEL</tem:validarAtributosPerfil>\r
            <!--Optional:-->\r
            <tem:codigoAtributo>Only for LOGICIEL</tem:codigoAtributo>\r
            <!--Optional:-->\r
            <tem:codigoEstado>Only for LOGICIEL</tem:codigoEstado>\r
            <!--Optional:-->\r
            <tem:perfilAplicacionDefault>Only for LOGICIEL</tem:perfilAplicacionDefault>\r
            <!--Optional:-->\r
            <tem:perfilesAplicacionTemporal>Only for LOGICIEL</tem:perfilesAplicacionTemporal>\r
            <!--Optional:-->\r
            <tem:agenciasPermanentesUsuario>Only for LOGICIEL</tem:agenciasPermanentesUsuario>\r
            <!--Optional:-->\r
            <tem:agenciasTemporalesUsuario>Only for LOGICIEL</tem:agenciasTemporalesUsuario>\r
            <!--Optional:-->\r
            <tem:atributoPerfilAplicacionDefault>Only for LOGICIEL</tem:atributoPerfilAplicacionDefault>\r
            <!--Optional:-->\r
            <tem:atributoPerfilesAplicacionTemporal>Only for LOGICIEL</tem:atributoPerfilesAplicacionTemporal>\r
            <!--Optional:-->\r
            <tem:atributoUsuario>Only for LOGICIEL</tem:atributoUsuario>\r
            <tem:codigoRol>Only for RHDS</tem:codigoRol>\r
            <tem:branch>Only for RHDS</tem:branch>\r
            <!--Optional:-->\r
            <tem:RequestedFor>Only for Requerimientos Manuales</tem:RequestedFor>\r
            <!--Optional:-->\r
            <tem:RequestorName>Only for Requerimientos Manuales</tem:RequestorName>\r
            <!--Optional:-->\r
            <tem:Category>Only for Requerimientos Manuales</tem:Category>\r
            <!--Optional:-->\r
            <tem:Subcategory>Only for Requerimientos Manuales</tem:Subcategory>\r
            <!--Optional:-->\r
            <tem:Model>Only for Requerimientos Manuales</tem:Model>\r
            <!--Optional:-->\r
            <tem:AssignedGroup>Only for Requerimientos Manuales</tem:AssignedGroup>\r
            <!--Optional:-->\r
            <tem:BriefDescription>Only for Requerimientos Manuales</tem:BriefDescription>\r
            <!--Optional:-->\r
            <tem:Description>Only for Requerimientos Manuales</tem:Description>\r
            <!--Optional:-->\r
            <tem:Status>Only for Requerimientos Manuales</tem:Status>\r
            <!--Optional:-->\r
            <tem:ApprovalStatus>Only for Requerimientos Manuales</tem:ApprovalStatus>\r
            <!--Optional:-->\r
            <tem:CurrentPhase>Only for Requerimientos Manuales</tem:CurrentPhase>\r
            <!--Optional:-->\r
            <tem:AgreementIds>Only for Requerimientos Manuales</tem:AgreementIds>\r
         </tem:especificos>\r
      </tem:crearRequerimientos>\r
   </soapenv:Body>\r
</soapenv:Envelope>]]></con:request><con:wsaConfig mustUnderstand="NONE" version="200508" action="http://tempuri.org/crearRequerimientos"/></con:call></con:operation><con:operation id="7ecb1a16-06e9-46e8-89a5-66a01dee02fb" isOneWay="false" action="http://tempuri.org/crearUsuario" name="crearUsuario" bindingOperationName="crearUsuario" type="Request-Response" inputName="" receivesAttachments="false" sendsAttachments="false" anonymous="optional"><con:settings/><con:call id="ffde2381-bf1a-4ebf-8348-dbf4c608f4a9" name="BANCS"><con:settings><con:setting id="com.eviware.soapui.impl.wsdl.WsdlRequest@request-headers">&lt;xml-fragment/></con:setting></con:settings><con:encoding>UTF-8</con:encoding><con:endpoint>https://gw-integrator.apps.desa.bpichincha.com/services/GIGeneric.GIGenericHttpSoap11Endpoint</con:endpoint><con:request><![CDATA[<soapenv:Envelope xmlns:soapenv="http://schemas.xmlsoap.org/soap/envelope/" xmlns:tem="http://tempuri.org/">\r
   <soapenv:Header/>\r
   <soapenv:Body>\r
      <tem:crearUsuario>\r
         <tem:guid>23A2C461-4F4F-61E6-3A99-2269C0BF4A420</tem:guid>\r
         <tem:uuid>23A2C461-4F4F-61E6-3A99-2269C0BF4E52</tem:uuid>\r
         <tem:aplicacion>BANCS</tem:aplicacion>\r
         <tem:correoElectronico>test@bp.com</tem:correoElectronico>\r
         <tem:tellerName>BANCS800</tem:tellerName>\r
         <tem:nombreUsuario>Test User</tem:nombreUsuario>\r
         <tem:tipoIdentificacion>0001</tem:tipoIdentificacion>\r
         <tem:empresa>0010</tem:empresa>\r
         <tem:observacion>Test</tem:observacion>\r
         <tem:cargo>Analista</tem:cargo>\r
         <tem:codigoCentroCosto>0001</tem:codigoCentroCosto>\r
         <tem:identificacion>0913571402</tem:identificacion>\r
         <tem:celular>123456</tem:celular>\r
         <tem:terminal>BT346474</tem:terminal>\r
         <tem:especificos>\r
            <tem:grupoTransaccion>25</tem:grupoTransaccion>\r
            <tem:nivelCapacidad>16</tem:nivelCapacidad>\r
            <tem:nivelCorreo>9</tem:nivelCorreo>\r
            <tem:userType>1</tem:userType>\r
            <tem:chngBranchAlwd>c</tem:chngBranchAlwd>\r
            <tem:brchSup>Y</tem:brchSup>\r
            <tem:atmFlag>N</tem:atmFlag>\r
            <tem:accsignMod>acc</tem:accsignMod>\r
            <tem:casualApprovallim/>\r
            <tem:nivelSeguridad>0</tem:nivelSeguridad>\r
            <tem:estadoUsuario>19</tem:estadoUsuario>\r
         </tem:especificos>\r
      </tem:crearUsuario>\r
   </soapenv:Body>\r
</soapenv:Envelope>]]></con:request><con:credentials><con:authType>No Authorization</con:authType></con:credentials><con:jmsConfig JMSDeliveryMode="PERSISTENT"/><con:jmsPropertyConfig/><con:wsaConfig mustUnderstand="NONE" version="200508" action="http://tempuri.org/crearUsuario"/><con:wsrmConfig version="1.2"/></con:call><con:call id="b3faa29d-95ed-45f7-b99a-322adc910d60" name="LOGICIEL"><con:settings><con:setting id="com.eviware.soapui.impl.wsdl.WsdlRequest@request-headers">&lt;xml-fragment/></con:setting></con:settings><con:encoding>UTF-8</con:encoding><con:endpoint>https://gw-integrator.apps.desa.bpichincha.com/services/GIGeneric.GIGenericHttpSoap11Endpoint</con:endpoint><con:request><![CDATA[<soapenv:Envelope xmlns:soapenv="http://schemas.xmlsoap.org/soap/envelope/" xmlns:tem="http://tempuri.org/">\r
   <soapenv:Header/>\r
   <soapenv:Body>\r
      <tem:crearUsuario>\r
         <tem:guid>23A2C461-4F4F-61E6-3A99-2269C0BF4R11</tem:guid>\r
         <tem:uuid>23A2C461-4F4F-61E6-3A99-2269C0BF4E51</tem:uuid>\r
         <tem:aplicacion>LOGICIEL</tem:aplicacion>\r
         <tem:correoElectronico>test@bp.com</tem:correoElectronico>\r
         <tem:tellerName>LOGI4000</tem:tellerName>\r
         <tem:nombreUsuario>Test User</tem:nombreUsuario>\r
         <tem:tipoIdentificacion>C</tem:tipoIdentificacion>\r
         <tem:empresa>BP</tem:empresa>\r
         <tem:observacion>Test User</tem:observacion>\r
         <tem:cargo>Analista</tem:cargo>\r
         <tem:identificacion>0923976633</tem:identificacion>\r
         <tem:celular>122</tem:celular>\r
         <tem:especificos>\r
            <tem:interno>0</tem:interno>\r
            <tem:enviarMail>S</tem:enviarMail>\r
            <tem:cambioPwdInicial>N</tem:cambioPwdInicial>\r
            <tem:codigoTipoUsuario>003</tem:codigoTipoUsuario>\r
            <tem:codigoRol>1928</tem:codigoRol>\r
            <tem:codigoHorario>HN</tem:codigoHorario>\r
            <tem:codigoAgenciaDefault>877988720064</tem:codigoAgenciaDefault>\r
            <tem:validarAtributosPerfil>S</tem:validarAtributosPerfil>\r
            <tem:perfilAplicacionDefault>[{\"codigoAplicacion\": \"LPT\",\"codigoPerfil\": \"CMC\"},{\"codigoAplicacion\": \"LFW\",\"codigoPerfil\": \"CMC\"}]</tem:perfilAplicacionDefault>\r
            <tem:perfilesAplicacionTemporal>[{\"codigoAplicacion\": \"LFW\",\"codigoPerfilPermanente\": \"CMC\",\"codigoPerfilTemporal\": \"RECC1\",\"fechaFinVigencia\": \"11/12/2020\"},{\"codigoAplicacion\": \"LFW\",\"codigoPerfilPermanente\": \"CMC\",\"codigoPerfilTemporal\": \"RECC2\",\"fechaFinVigencia\": \"11/12/2020\"}]</tem:perfilesAplicacionTemporal>\r
            <tem:agenciasPermanentesUsuario>[{\"codigoAgenciaPermanente\": \"\",\"codigoCentroCosto\": \"\"}]</tem:agenciasPermanentesUsuario>\r
            <tem:agenciasTemporalesUsuario>[{\"codigoAgenciaTemporal\": \"\",\"codigoCentroCosto\": \"\",\"fechaFinVigencia\": \"\"}]</tem:agenciasTemporalesUsuario>\r
            <tem:atributoPerfilAplicacionDefault>[{\"codigoAplicacion\": \"\",\"codigoAtributo\": \"\",\"codigoPerfil\": \"\",\"valorAtributo\": \"\"}]</tem:atributoPerfilAplicacionDefault>\r
            <tem:atributoPerfilesAplicacionTemporal>[{\"codigoAplicacion\": \"\",\"codigoPerfil\": \"\",\"codigoAtributo\": \"\",\"valorAtributo\": \"\"}]</tem:atributoPerfilesAplicacionTemporal>\r
            <tem:atributoUsuario>[{\"codigoAtributo\": 13,\"valorAtributo\": \"2\"},{\"codigoAtributo\": 15,\"valorAtributo\": \"0999999999\"},{\"codigoAtributo\": 16,\"valorAtributo\": \"framirez@logiciel-ec.com\"},{\"codigoAtributo\": 17,\"valorAtributo\": \"023324185\"}]</tem:atributoUsuario>\r
         </tem:especificos>\r
      </tem:crearUsuario>\r
   </soapenv:Body>\r
</soapenv:Envelope>]]></con:request><con:credentials><con:authType>No Authorization</con:authType></con:credentials><con:jmsConfig JMSDeliveryMode="PERSISTENT"/><con:jmsPropertyConfig/><con:wsaConfig mustUnderstand="NONE" version="200508" action="http://tempuri.org/crearUsuario"/><con:wsrmConfig version="1.2"/></con:call><con:call id="f6b8abf1-97fd-4859-bcff-bd6c0a792483" name="RHDS"><con:settings><con:setting id="com.eviware.soapui.impl.wsdl.WsdlRequest@request-headers">&lt;xml-fragment/></con:setting></con:settings><con:encoding>UTF-8</con:encoding><con:endpoint>https://gw-integrator.apps.desa.bpichincha.com/services/GIGeneric.GIGenericHttpSoap11Endpoint</con:endpoint><con:request><![CDATA[<soapenv:Envelope xmlns:soapenv="http://schemas.xmlsoap.org/soap/envelope/" xmlns:tem="http://tempuri.org/">
   <soapenv:Header/>
   <soapenv:Body>
      <tem:crearUsuario>
         <tem:guid>23A2C461-4F4F-61E6-3A99-2269C0BF4R12</tem:guid>
         <tem:uuid>uuid</tem:uuid>
         <tem:aplicacion>RHDS</tem:aplicacion>
         <tem:correoElectronico>correoElectronico</tem:correoElectronico>
         <tem:tellerName>wso2user12</tem:tellerName>
         <tem:tellerNumber>﻿545454541</tem:tellerNumber>
         <tem:empresa>empresa</tem:empresa>
         <tem:observacion>observacion</tem:observacion>
         <tem:cargo>Dev</tem:cargo>
         <tem:identificacion>﻿0123456789</tem:identificacion>
         <tem:terminal>001</tem:terminal>
         <tem:nombresEmpleado>﻿PRUEBA EP20191016</tem:nombresEmpleado>
         <tem:apellidosEmpleado>﻿PRUEBA EP20191016</tem:apellidosEmpleado>
         <tem:codigoCompania>0010</tem:codigoCompania>
         <tem:fechaSalidaEmpleado>﻿14-06-2019</tem:fechaSalidaEmpleado>
         <tem:fechaIngresoEmpleado>﻿14-06-2022</tem:fechaIngresoEmpleado>
         <tem:estadoEmpleado>A</tem:estadoEmpleado>
         <tem:claveAcceso>﻿gWb/N0kqHuSje4YlxSj4Fw==</tem:claveAcceso>
         <tem:especificos>
            <tem:codigoRol>Profiles|rol1,rol2</tem:codigoRol>
            <tem:branch>﻿0001</tem:branch>
         </tem:especificos>
      </tem:crearUsuario>
   </soapenv:Body>
</soapenv:Envelope>]]></con:request><con:credentials><con:authType>No Authorization</con:authType></con:credentials><con:jmsConfig JMSDeliveryMode="PERSISTENT"/><con:jmsPropertyConfig/><con:wsaConfig mustUnderstand="NONE" version="200508" action="http://tempuri.org/crearUsuario"/><con:wsrmConfig version="1.2"/></con:call><con:call id="80cfb86b-688a-4476-9993-5416e91412cc" name="PPRD"><con:settings><con:setting id="com.eviware.soapui.impl.wsdl.WsdlRequest@request-headers">&lt;xml-fragment/></con:setting></con:settings><con:encoding>UTF-8</con:encoding><con:endpoint>https://gw-integrator.apps.desa.bpichincha.com/services/GIGeneric.GIGenericHttpSoap11Endpoint</con:endpoint><con:request><![CDATA[<soapenv:Envelope xmlns:soapenv="http://schemas.xmlsoap.org/soap/envelope/" xmlns:tem="http://tempuri.org/">\r
   <soapenv:Header/>\r
   <soapenv:Body>\r
      <tem:crearUsuario>\r
         <tem:guid>23A2C461-4F4F-61E6-3A99-2269C0BF4P402</tem:guid>\r
         <tem:uuid>23A2C461-4F4F-61E6-3A99-2269C0BF4A401</tem:uuid>\r
         <tem:aplicacion>PPRD</tem:aplicacion>\r
         <tem:correoElectronico>someone@pprd.com</tem:correoElectronico>\r
         <tem:tellerName>PPRD2002</tem:tellerName>\r
         <tem:tellerNumber>98998067</tem:tellerNumber>\r
         <tem:nombreUsuario>Robin Thomas</tem:nombreUsuario>\r
         <tem:tipoIdentificacion>0001</tem:tipoIdentificacion>\r
         <tem:empresa>0010</tem:empresa>\r
         <tem:observacion>Testing create PPRD user</tem:observacion>\r
         <tem:cargo>Analista</tem:cargo>\r
         <tem:codigoCentroCosto>0001</tem:codigoCentroCosto>\r
         <tem:identificacion>0601800758</tem:identificacion>\r
         <tem:celular>123456</tem:celular>\r
         <tem:terminal>BT346474</tem:terminal>\r
         <tem:nombresEmpleado>Robin</tem:nombresEmpleado>\r
         <tem:apellidosEmpleado>Thomas</tem:apellidosEmpleado>\r
         <tem:especificos>\r
            <tem:perfilUsuario>CONSMOV2</tem:perfilUsuario>\r
            <tem:loginUsuario>DLESW</tem:loginUsuario>\r
            <tem:usuarioInterno/>\r
         </tem:especificos>\r
      </tem:crearUsuario>\r
   </soapenv:Body>\r
</soapenv:Envelope>]]></con:request><con:credentials><con:authType>No Authorization</con:authType></con:credentials><con:jmsConfig JMSDeliveryMode="PERSISTENT"/><con:jmsPropertyConfig/><con:wsaConfig mustUnderstand="NONE" version="200508" action="http://tempuri.org/crearUsuario"/><con:wsrmConfig version="1.2"/></con:call></con:operation><con:operation id="c0894276-fb35-4e23-9fa3-213f47e5f903" isOneWay="false" action="http://tempuri.org/eliminarUsuario" name="eliminarUsuario" bindingOperationName="eliminarUsuario" type="Request-Response" inputName="" receivesAttachments="false" sendsAttachments="false" anonymous="optional"><con:settings/><con:call id="7b4d1645-6bb4-440e-aaf9-e5a8e325bdfe" name="LOGICIEL"><con:settings><con:setting id="com.eviware.soapui.impl.wsdl.WsdlRequest@request-headers">&lt;xml-fragment/></con:setting></con:settings><con:encoding>UTF-8</con:encoding><con:endpoint>https://gw-integrator.apps.desa.bpichincha.com/services/GIGeneric.GIGenericHttpSoap11Endpoint</con:endpoint><con:request><![CDATA[<soapenv:Envelope xmlns:soapenv="http://schemas.xmlsoap.org/soap/envelope/" xmlns:tem="http://tempuri.org/">\r
   <soapenv:Header/>\r
   <soapenv:Body>\r
      <tem:eliminarUsuario>\r
         <tem:guid>23A2C461-4F4F-61E6-3A99-2269C0BF4L03</tem:guid>\r
         <tem:uuid>23A2C461-4F4F-61E6-3A99-2269C0BF4L03</tem:uuid>\r
         <tem:tellerName>LOGI4000</tem:tellerName>\r
         <tem:aplicacion>LOGICIEL</tem:aplicacion>\r
      </tem:eliminarUsuario>\r
   </soapenv:Body>\r
</soapenv:Envelope>]]></con:request><con:credentials><con:authType>No Authorization</con:authType></con:credentials><con:jmsConfig JMSDeliveryMode="PERSISTENT"/><con:jmsPropertyConfig/><con:wsaConfig mustUnderstand="NONE" version="200508" action="http://tempuri.org/eliminarUsuario"/><con:wsrmConfig version="1.2"/></con:call><con:call id="8fe08cec-d3ea-4b3f-8573-2b124c109cfd" name="RHDS"><con:settings><con:setting id="com.eviware.soapui.impl.wsdl.WsdlRequest@request-headers">&lt;xml-fragment/></con:setting></con:settings><con:encoding>UTF-8</con:encoding><con:endpoint>https://gw-integrator.apps.desa.bpichincha.com/services/GIGeneric.GIGenericHttpSoap11Endpoint</con:endpoint><con:request><![CDATA[<soapenv:Envelope xmlns:soapenv="http://schemas.xmlsoap.org/soap/envelope/" xmlns:tem="http://tempuri.org/">\r
   <soapenv:Header/>\r
   <soapenv:Body>\r
      <tem:eliminarUsuario>\r
         <tem:guid>23A2C461-4F4F-61E6-3A99-2269C0BF4L02</tem:guid>\r
         <tem:uuid>23A2C461-4F4F-61E6-3A99-2269C0BF4L02</tem:uuid>\r
         <tem:tellerName>wso2user12</tem:tellerName>\r
         <tem:aplicacion>RHDS</tem:aplicacion>\r
      </tem:eliminarUsuario>\r
   </soapenv:Body>\r
</soapenv:Envelope>]]></con:request><con:credentials><con:authType>No Authorization</con:authType></con:credentials><con:jmsConfig JMSDeliveryMode="PERSISTENT"/><con:jmsPropertyConfig/><con:wsaConfig mustUnderstand="NONE" version="200508" action="http://tempuri.org/eliminarUsuario"/><con:wsrmConfig version="1.2"/></con:call></con:operation><con:operation id="53083fec-2e50-4313-b67a-69e992e95340" isOneWay="false" action="http://tempuri.org/modificarUsuario" name="modificarUsuario" bindingOperationName="modificarUsuario" type="Request-Response" inputName="" receivesAttachments="false" sendsAttachments="false" anonymous="optional"><con:settings/><con:call id="6f71a38a-47ae-4634-8d05-17d16826a39e" name="RHDS"><con:settings><con:setting id="com.eviware.soapui.impl.wsdl.WsdlRequest@request-headers">&lt;xml-fragment/></con:setting></con:settings><con:encoding>UTF-8</con:encoding><con:endpoint>https://gw-integrator.apps.desa.bpichincha.com/services/GIGeneric.GIGenericHttpSoap11Endpoint</con:endpoint><con:request><![CDATA[<soapenv:Envelope xmlns:soapenv="http://schemas.xmlsoap.org/soap/envelope/" xmlns:tem="http://tempuri.org/">
   <soapenv:Header/>
   <soapenv:Body>
      <tem:modificarUsuario>
         <tem:guid>23A2C461-4F4F-61E6-3A99-331-12</tem:guid>
         <tem:uuid>uuid</tem:uuid>
         <tem:aplicacion>RHDS</tem:aplicacion>
         <tem:correoElectronico>anupam@wso2.com</tem:correoElectronico>
         <tem:tellerName>wso2user12</tem:tellerName>
         <tem:tellerNumber>﻿545454541</tem:tellerNumber>
         <tem:empresa>empresa</tem:empresa>
         <tem:observacion>observacion</tem:observacion>
         <tem:cargo>Dev</tem:cargo>
         <tem:identificacion>﻿0123456789</tem:identificacion>
         <tem:terminal>001</tem:terminal>
         <tem:nombresEmpleado>﻿Anupam</tem:nombresEmpleado>
         <tem:apellidosEmpleado>﻿Gogoi</tem:apellidosEmpleado>
         <tem:codigoCompania>0010</tem:codigoCompania>
         <tem:fechaSalidaEmpleado>﻿14-06-2019</tem:fechaSalidaEmpleado>
         <tem:fechaIngresoEmpleado>﻿14-06-2022</tem:fechaIngresoEmpleado>
         <tem:estadoEmpleado>A</tem:estadoEmpleado>
         <tem:claveAcceso>﻿gWb/N0kqHuSje4YlxSj4Fw==</tem:claveAcceso>
         <tem:especificos>
            <tem:codigoRol>Profiles|rol1,rol2</tem:codigoRol>
            <tem:branch>﻿0001</tem:branch>
         </tem:especificos>
      </tem:modificarUsuario>
   </soapenv:Body>
</soapenv:Envelope>]]></con:request><con:credentials><con:authType>No Authorization</con:authType></con:credentials><con:jmsConfig JMSDeliveryMode="PERSISTENT"/><con:jmsPropertyConfig/><con:wsaConfig mustUnderstand="NONE" version="200508" action="http://tempuri.org/modificarUsuario"/><con:wsrmConfig version="1.2"/></con:call><con:call id="6f760cae-6ad0-4451-92e1-d9af30791e07" name="LOGICIEL"><con:settings><con:setting id="com.eviware.soapui.impl.wsdl.WsdlRequest@request-headers">&lt;xml-fragment/></con:setting></con:settings><con:encoding>UTF-8</con:encoding><con:endpoint>https://gw-integrator.apps.desa.bpichincha.com/services/GIGeneric.GIGenericHttpSoap11Endpoint</con:endpoint><con:request><![CDATA[<soapenv:Envelope xmlns:soapenv="http://schemas.xmlsoap.org/soap/envelope/" xmlns:tem="http://tempuri.org/">\r
   <soapenv:Header/>\r
   <soapenv:Body>\r
      <tem:modificarUsuario>\r
         <tem:guid>23A2C461-4F4F-61E6-3A99-2269C0BF4R11</tem:guid>\r
         <tem:uuid>23A2C461-4F4F-61E6-3A99-2269C0BF4E51</tem:uuid>\r
         <tem:aplicacion>LOGICIEL</tem:aplicacion>\r
         <tem:correoElectronico>test@bp.com</tem:correoElectronico>\r
         <tem:tellerName>LOGI4000</tem:tellerName>\r
         <tem:nombreUsuario>Test User</tem:nombreUsuario>\r
         <tem:tipoIdentificacion>C</tem:tipoIdentificacion>\r
         <tem:empresa>BP</tem:empresa>\r
         <tem:observacion>Test User</tem:observacion>\r
         <tem:cargo>Analista</tem:cargo>\r
         <tem:identificacion>0923976633</tem:identificacion>\r
         <tem:celular>122</tem:celular>\r
         <tem:especificos>\r
            <tem:interno>0</tem:interno>\r
            <tem:enviarMail>S</tem:enviarMail>\r
            <tem:cambioPwdInicial>N</tem:cambioPwdInicial>\r
            <tem:codigoTipoUsuario>003</tem:codigoTipoUsuario>\r
            <tem:codigoRol>1928</tem:codigoRol>\r
            <tem:codigoHorario>HN</tem:codigoHorario>\r
            <tem:codigoAgenciaDefault>877988720064</tem:codigoAgenciaDefault>\r
            <tem:validarAtributosPerfil>S</tem:validarAtributosPerfil>\r
            <tem:perfilAplicacionDefault>[{\"codigoAplicacion\": \"LPT\",\"codigoPerfil\": \"CMC\"},{\"codigoAplicacion\": \"LFW\",\"codigoPerfil\": \"CMC\"}]</tem:perfilAplicacionDefault>\r
            <tem:perfilesAplicacionTemporal>[{\"codigoAplicacion\": \"LFW\",\"codigoPerfilPermanente\": \"CMC\",\"codigoPerfilTemporal\": \"RECC1\",\"fechaFinVigencia\": \"11/12/2020\"},{\"codigoAplicacion\": \"LFW\",\"codigoPerfilPermanente\": \"CMC\",\"codigoPerfilTemporal\": \"RECC2\",\"fechaFinVigencia\": \"11/12/2020\"}]</tem:perfilesAplicacionTemporal>\r
            <tem:agenciasPermanentesUsuario>[{\"codigoAgenciaPermanente\": \"\",\"codigoCentroCosto\": \"\"}]</tem:agenciasPermanentesUsuario>\r
            <tem:agenciasTemporalesUsuario>[{\"codigoAgenciaTemporal\": \"\",\"codigoCentroCosto\": \"\",\"fechaFinVigencia\": \"\"}]</tem:agenciasTemporalesUsuario>\r
            <tem:atributoPerfilAplicacionDefault>[{\"codigoAplicacion\": \"\",\"codigoAtributo\": \"\",\"codigoPerfil\": \"\",\"valorAtributo\": \"\"}]</tem:atributoPerfilAplicacionDefault>\r
            <tem:atributoPerfilesAplicacionTemporal>[{\"codigoAplicacion\": \"\",\"codigoPerfil\": \"\",\"codigoAtributo\": \"\",\"valorAtributo\": \"\"}]</tem:atributoPerfilesAplicacionTemporal>\r
            <tem:atributoUsuario>[{\"codigoAtributo\": 13,\"valorAtributo\": \"2\"},{\"codigoAtributo\": 15,\"valorAtributo\": \"0999999999\"},{\"codigoAtributo\": 16,\"valorAtributo\": \"framirez@logiciel-ec.com\"},{\"codigoAtributo\": 17,\"valorAtributo\": \"023324185\"}]</tem:atributoUsuario>\r
         </tem:especificos>\r
      </tem:modificarUsuario>\r
   </soapenv:Body>\r
</soapenv:Envelope>]]></con:request><con:credentials><con:authType>No Authorization</con:authType></con:credentials><con:jmsConfig JMSDeliveryMode="PERSISTENT"/><con:jmsPropertyConfig/><con:wsaConfig mustUnderstand="NONE" version="200508" action="http://tempuri.org/modificarUsuario"/><con:wsrmConfig version="1.2"/></con:call><con:call id="62f43b69-6cad-4083-9974-45cb6964a6c5" name="BANCS"><con:settings><con:setting id="com.eviware.soapui.impl.wsdl.WsdlRequest@request-headers">&lt;xml-fragment/></con:setting></con:settings><con:encoding>UTF-8</con:encoding><con:endpoint>https://gw-integrator.apps.desa.bpichincha.com/services/GIGeneric.GIGenericHttpSoap11Endpoint</con:endpoint><con:request><![CDATA[<soapenv:Envelope xmlns:soapenv="http://schemas.xmlsoap.org/soap/envelope/" xmlns:tem="http://tempuri.org/">\r
   <soapenv:Header/>\r
   <soapenv:Body>\r
      <tem:modificarUsuario>\r
         <tem:guid>23A2C461-4F4F-61E6-3A99-2269C0BF4A400</tem:guid>\r
         <tem:uuid>23A2C461-4F4F-61E6-3A99-2269C0BF4E52</tem:uuid>\r
         <tem:aplicacion>BANCS</tem:aplicacion>\r
         <tem:correoElectronico>test@bp.com</tem:correoElectronico>\r
         <tem:tellerName>BANCS600</tem:tellerName>\r
         <tem:nombreUsuario>Test User</tem:nombreUsuario>\r
         <tem:tipoIdentificacion>0001</tem:tipoIdentificacion>\r
         <tem:empresa>0010</tem:empresa>\r
         <tem:observacion>Test</tem:observacion>\r
         <tem:cargo>Analista</tem:cargo>\r
         <tem:codigoCentroCosto>0001</tem:codigoCentroCosto>\r
         <tem:identificacion>0601915713</tem:identificacion>\r
         <tem:celular>123456</tem:celular>\r
         <tem:terminal>BT346474</tem:terminal>\r
         <tem:especificos>\r
            <tem:grupoTransaccion>25</tem:grupoTransaccion>\r
            <tem:nivelCapacidad>16</tem:nivelCapacidad>\r
            <tem:nivelCorreo>9</tem:nivelCorreo>\r
            <tem:userType>1</tem:userType>\r
            <tem:chngBranchAlwd>c</tem:chngBranchAlwd>\r
            <tem:brchSup>Y</tem:brchSup>\r
            <tem:atmFlag>N</tem:atmFlag>\r
            <tem:accsignMod>acc</tem:accsignMod>\r
            <tem:casualApprovallim/>\r
            <tem:nivelSeguridad>0</tem:nivelSeguridad>\r
            <tem:estadoUsuario>19</tem:estadoUsuario>\r
         </tem:especificos>\r
      </tem:modificarUsuario>\r
   </soapenv:Body>\r
</soapenv:Envelope>]]></con:request><con:credentials><con:authType>No Authorization</con:authType></con:credentials><con:jmsConfig JMSDeliveryMode="PERSISTENT"/><con:jmsPropertyConfig/><con:wsaConfig mustUnderstand="NONE" version="200508" action="http://tempuri.org/modificarUsuario"/><con:wsrmConfig version="1.2"/></con:call></con:operation></con:interface><con:interface xsi:type="con:WsdlInterface" id="1c6aea59-b96d-495b-8a0d-562f091bd91e" wsaVersion="NONE" name="GIGenericSoap12Binding" type="wsdl" bindingName="{http://tempuri.org/}GIGenericSoap12Binding" soapVersion="1_2" anonymous="optional" definition="https://gw-integrator.apps.desa.bpichincha.com/services/GIGeneric?wsdl" xmlns:xsi="http://www.w3.org/2001/XMLSchema-instance"><con:settings/><con:definitionCache type="TEXT" rootPart="https://gw-integrator.apps.desa.bpichincha.com/services/GIGeneric?wsdl"><con:part><con:url>https://gw-integrator.apps.desa.bpichincha.com/services/GIGeneric?wsdl</con:url><con:content><![CDATA[<wsdl:definitions targetNamespace="http://tempuri.org/" xmlns:wsdl="http://schemas.xmlsoap.org/wsdl/" xmlns:s="http://www.w3.org/2001/XMLSchema" xmlns:wsaw="http://www.w3.org/2006/05/addressing/wsdl" xmlns:mime="http://schemas.xmlsoap.org/wsdl/mime/" xmlns:tns="http://tempuri.org/" xmlns:http="http://schemas.xmlsoap.org/wsdl/http/" xmlns:tm="http://microsoft.com/wsdl/mime/textMatching/" xmlns:soap12="http://schemas.xmlsoap.org/wsdl/soap12/" xmlns:soap="http://schemas.xmlsoap.org/wsdl/soap/" xmlns:soapenc="http://schemas.xmlsoap.org/soap/encoding/">
  <wsdl:types>
    <s:schema attributeFormDefault="unqualified" elementFormDefault="qualified" targetNamespace="http://tempuri.org/">
      <s:element name="crearUsuario">
        <s:complexType>
          <s:sequence>
            <s:element name="guid" type="s:string"/>
            <s:element name="uuid" type="s:string"/>
            <s:element name="aplicacion" type="s:string"/>
            <s:element name="correoElectronico" type="s:string"/>
            <s:element name="tellerName" type="s:string"/>
            <s:element minOccurs="0" name="tellerNumber" type="s:string"/>
            <s:element name="nombreUsuario" type="s:string"/>
            <s:element name="tipoIdentificacion" type="s:string"/>
            <s:element name="empresa" type="s:string"/>
            <s:element name="observacion" type="s:string"/>
            <s:element name="cargo" type="s:string"/>
            <s:element name="codigoCentroCosto" type="s:string"/>
            <s:element name="identificacion" type="s:string"/>
            <s:element name="celular" type="s:string"/>
            <s:element name="terminal" type="s:string"/>
            <s:element name="nombresEmpleado" type="s:string"/>
            <s:element minOccurs="0" name="apellidosEmpleado" type="s:string"/>
            <s:element minOccurs="0" name="codigoCompania" type="s:string"/>
            <s:element minOccurs="0" name="fechaSalidaEmpleado" type="s:string"/>
            <s:element minOccurs="0" name="fechaIngresoEmpleado" type="s:string"/>
            <s:element minOccurs="0" name="nombreCompania" type="s:string"/>
            <s:element minOccurs="0" name="estadoEmpleado" type="s:string"/>
            <s:element minOccurs="0" name="claveAcceso" type="s:string"/>
            <s:element name="especificos" type="tns:especificosType"/>
          </s:sequence>
        </s:complexType>
      </s:element>
      <s:element name="crearUsuarioResponse">
        <s:complexType>
          <s:sequence>
            <s:element minOccurs="0" name="tellerNo" type="s:string"/>
            <s:element minOccurs="0" name="crearUsuarioResult" type="tns:error"/>
          </s:sequence>
        </s:complexType>
      </s:element>
      <s:complexType name="error">
        <s:sequence>
          <s:element minOccurs="0" name="codigoError" type="s:string"/>
          <s:element minOccurs="0" name="descripcionError" type="s:string"/>
        </s:sequence>
      </s:complexType>
      <s:element name="modificarUsuario">
        <s:complexType>
          <s:sequence>
            <s:element name="guid" type="s:string"/>
            <s:element name="uuid" type="s:string"/>
            <s:element name="aplicacion" type="s:string"/>
            <s:element name="correoElectronico" type="s:string"/>
            <s:element name="tellerName" type="s:string"/>
            <s:element minOccurs="0" name="tellerNumber" type="s:string"/>
            <s:element name="nombreUsuario" type="s:string"/>
            <s:element name="tipoIdentificacion" type="s:string"/>
            <s:element name="empresa" type="s:string"/>
            <s:element name="observacion" type="s:string"/>
            <s:element name="cargo" type="s:string"/>
            <s:element name="codigoCentroCosto" type="s:string"/>
            <s:element name="identificacion" type="s:string"/>
            <s:element name="celular" type="s:string"/>
            <s:element name="terminal" type="s:string"/>
            <s:element name="nombresEmpleado" type="s:string"/>
            <s:element minOccurs="0" name="apellidosEmpleado" type="s:string"/>
            <s:element minOccurs="0" name="codigoCompania" type="s:string"/>
            <s:element minOccurs="0" name="fechaSalidaEmpleado" type="s:string"/>
            <s:element minOccurs="0" name="fechaIngresoEmpleado" type="s:string"/>
            <s:element minOccurs="0" name="nombreCompania" type="s:string"/>
            <s:element minOccurs="0" name="estadoEmpleado" type="s:string"/>
            <s:element minOccurs="0" name="claveAcceso" type="s:string"/>
            <s:element name="especificos" type="tns:especificosType"/>
          </s:sequence>
        </s:complexType>
      </s:element>
      <s:element name="modificarUsuarioResponse">
        <s:complexType>
          <s:sequence>
            <s:element minOccurs="0" name="tellerNo" type="s:string"/>
            <s:element minOccurs="0" name="modificarUsuarioResult" type="tns:error"/>
          </s:sequence>
        </s:complexType>
      </s:element>
      <s:element name="eliminarUsuario">
        <s:complexType>
          <s:sequence>
            <s:element minOccurs="0" name="guid" type="s:string"/>
            <s:element minOccurs="0" name="uuid" type="s:string"/>
            <s:element minOccurs="0" name="tellerName" type="s:string"/>
            <s:element minOccurs="0" name="aplicacion" type="s:string"/>
          </s:sequence>
        </s:complexType>
      </s:element>
      <s:element name="eliminarUsuarioResponse">
        <s:complexType>
          <s:sequence>
            <s:element minOccurs="0" name="EliminarUsuarioResult" type="tns:error"/>
          </s:sequence>
        </s:complexType>
      </s:element>
      <s:element name="consultarUsuario">
        <s:complexType>
          <s:sequence>
            <s:element minOccurs="0" name="guid" type="s:string"/>
            <s:element minOccurs="0" name="uuid" type="s:string"/>
            <s:element minOccurs="0" name="tellerName" type="s:string"/>
            <s:element minOccurs="0" name="aplicacion" type="s:string"/>
          </s:sequence>
        </s:complexType>
      </s:element>
      <s:element name="consultarUsuarioResponse">
        <s:complexType>
          <s:sequence>
            <s:element minOccurs="0" name="consultarUsuarioResult" type="tns:usuarioType"/>
          </s:sequence>
        </s:complexType>
      </s:element>
      <s:element name="crearRequerimientos">
        <s:complexType>
          <s:sequence>
            <s:element name="guid" type="s:string"/>
            <s:element name="uuid" type="s:string"/>
            <s:element name="aplicacion" type="s:string"/>
            <s:element name="correoElectronico" type="s:string"/>
            <s:element name="tellerName" type="s:string"/>
            <s:element minOccurs="0" name="tellerNumber" type="s:string"/>
            <s:element name="nombreUsuario" type="s:string"/>
            <s:element name="tipoIdentificacion" type="s:string"/>
            <s:element name="empresa" type="s:string"/>
            <s:element name="observacion" type="s:string"/>
            <s:element name="cargo" type="s:string"/>
            <s:element name="codigoCentroCosto" type="s:string"/>
            <s:element name="identificacion" type="s:string"/>
            <s:element name="celular" type="s:string"/>
            <s:element name="terminal" type="s:string"/>
            <s:element name="nombresEmpleado" type="s:string"/>
            <s:element minOccurs="0" name="apellidosEmpleado" type="s:string"/>
            <s:element minOccurs="0" name="codigoCompania" type="s:string"/>
            <s:element minOccurs="0" name="fechaSalidaEmpleado" type="s:string"/>
            <s:element minOccurs="0" name="fechaIngresoEmpleado" type="s:string"/>
            <s:element minOccurs="0" name="nombreCompania" type="s:string"/>
            <s:element minOccurs="0" name="estadoEmpleado" type="s:string"/>
            <s:element minOccurs="0" name="claveAcceso" type="s:string"/>
            <s:element name="especificos" type="tns:especificosType"/>
          </s:sequence>
        </s:complexType>
      </s:element>
      <s:element name="crearRequerimientosResponse">
        <s:complexType>
          <s:sequence>
            <s:element minOccurs="0" name="crearRequerimientosResult" type="tns:error"/>
          </s:sequence>
        </s:complexType>
      </s:element>
      <s:complexType name="especificosType">
        <s:sequence>
          <s:element default="Only for BANCS" minOccurs="0" name="grupoTransaccion" type="s:string"/>
          <s:element default="Only for BANCS" minOccurs="0" name="nivelCapacidad" type="s:string"/>
          <s:element default="Only for BANCS" minOccurs="0" name="nivelCorreo" type="s:string"/>
          <s:element default="Only for BANCS" minOccurs="0" name="userType" type="s:string"/>
          <s:element default="Only for BANCS" minOccurs="0" name="chngBranchAlwd" type="s:string"/>
          <s:element default="Only for BANCS" minOccurs="0" name="brchSup" type="s:string"/>
          <s:element default="Only for BANCS" minOccurs="0" name="atmFlag" type="s:string"/>
          <s:element default="Only for BANCS" minOccurs="0" name="accsignMod" type="s:string"/>
          <s:element default="Only for BANCS" minOccurs="0" name="casualApprovallim" type="s:string"/>
          <s:element default="Only for BANCS" minOccurs="0" name="nivelSeguridad" type="s:string"/>
          <s:element default="Only for BANCS" minOccurs="0" name="estadoUsuario" type="s:string"/>
          <s:element default="Only for PPRD" minOccurs="0" name="perfilUsuario" type="s:string"/>
          <s:element default="Only for PPRD" minOccurs="0" name="loginUsuario" type="s:string"/>
          <s:element default="Only for PPRD" minOccurs="0" name="usuarioInterno" type="s:string"/>
          <s:element default="Only for LOGICIEL" minOccurs="0" name="interno" type="s:string"/>
          <s:element default="Only for LOGICIEL" minOccurs="0" name="enviarMail" type="s:string"/>
          <s:element default="Only for LOGICIEL" minOccurs="0" name="cambioPwdInicial" type="s:string"/>
          <s:element default="Only for LOGICIEL" minOccurs="0" name="codigoTipoUsuario" type="s:string"/>
          <s:element default="Only for LOGICIEL" minOccurs="0" name="codigoRol" type="s:string"/>
          <s:element default="Only for LOGICIEL" minOccurs="0" name="codigoHorario" type="s:string"/>
          <s:element default="Only for LOGICIEL" minOccurs="0" name="loginSupervisor" type="s:string"/>
          <s:element default="Only for LOGICIEL" minOccurs="0" name="codigoAgenciaDefault" type="s:string"/>
          <s:element default="Only for LOGICIEL" minOccurs="0" name="validarAtributosPerfil" type="s:string"/>
          <s:element default="Only for LOGICIEL" minOccurs="0" name="codigoAtributo" type="s:string"/>
          <s:element default="Only for LOGICIEL" minOccurs="0" name="codigoEstado" type="s:string"/>
          <s:element default="Only for LOGICIEL" minOccurs="0" name="perfilAplicacionDefault" type="s:string"/>
          <s:element default="Only for LOGICIEL" minOccurs="0" name="perfilesAplicacionTemporal" type="s:string"/>
          <s:element default="Only for LOGICIEL" minOccurs="0" name="agenciasPermanentesUsuario" type="s:string"/>
          <s:element default="Only for LOGICIEL" minOccurs="0" name="agenciasTemporalesUsuario" type="s:string"/>
          <s:element default="Only for LOGICIEL" minOccurs="0" name="atributoPerfilAplicacionDefault" type="s:string"/>
          <s:element default="Only for LOGICIEL" minOccurs="0" name="atributoPerfilesAplicacionTemporal" type="s:string"/>
          <s:element default="Only for LOGICIEL" minOccurs="0" name="atributoUsuario" type="s:string"/>
          <s:element default="Only for RHDS" name="codigoRol" type="s:string"/>
          <s:element default="Only for RHDS" name="branch" type="s:string"/>
          <s:element default="Only for Requerimientos Manuales" minOccurs="0" name="RequestedFor" type="s:string"/>
          <s:element default="Only for Requerimientos Manuales" minOccurs="0" name="RequestorName" type="s:string"/>
          <s:element default="Only for Requerimientos Manuales" minOccurs="0" name="Category" type="s:string"/>
          <s:element default="Only for Requerimientos Manuales" minOccurs="0" name="Subcategory" type="s:string"/>
          <s:element default="Only for Requerimientos Manuales" minOccurs="0" name="Model" type="s:string"/>
          <s:element default="Only for Requerimientos Manuales" minOccurs="0" name="AssignedGroup" type="s:string"/>
          <s:element default="Only for Requerimientos Manuales" minOccurs="0" name="BriefDescription" type="s:string"/>
          <s:element default="Only for Requerimientos Manuales" minOccurs="0" name="Description" type="s:string"/>
          <s:element default="Only for Requerimientos Manuales" minOccurs="0" name="Status" type="s:string"/>
          <s:element default="Only for Requerimientos Manuales" minOccurs="0" name="ApprovalStatus" type="s:string"/>
          <s:element default="Only for Requerimientos Manuales" minOccurs="0" name="CurrentPhase" type="s:string"/>
          <s:element default="Only for Requerimientos Manuales" minOccurs="0" name="AgreementIds" type="s:string"/>
        </s:sequence>
      </s:complexType>
      <s:complexType name="usuarioType">
        <s:sequence>
          <s:any/>
        </s:sequence>
      </s:complexType>
    </s:schema>
  </wsdl:types>
  <wsdl:message name="crearUsuarioSoapIn">
    <wsdl:part name="parameters" element="tns:crearUsuario"/>
  </wsdl:message>
  <wsdl:message name="crearUsuarioSoapOut">
    <wsdl:part name="parameters" element="tns:crearUsuarioResponse"/>
  </wsdl:message>
  <wsdl:message name="modificarUsuarioSoapIn">
    <wsdl:part name="parameters" element="tns:modificarUsuario"/>
  </wsdl:message>
  <wsdl:message name="modificarUsuarioSoapOut">
    <wsdl:part name="parameters" element="tns:modificarUsuarioResponse"/>
  </wsdl:message>
  <wsdl:message name="consultarUsuarioSoapIn">
    <wsdl:part name="parameters" element="tns:consultarUsuario"/>
  </wsdl:message>
  <wsdl:message name="consultarUsuarioSoapOut">
    <wsdl:part name="parameters" element="tns:consultarUsuarioResponse"/>
  </wsdl:message>
  <wsdl:message name="crearRequerimientosSoapIn">
    <wsdl:part name="parameters" element="tns:crearRequerimientos"/>
  </wsdl:message>
  <wsdl:message name="crearRequerimientosSoapOut">
    <wsdl:part name="parameters" element="tns:crearRequerimientosResponse"/>
  </wsdl:message>
  <wsdl:message name="eliminarUsuarioSoapIn">
    <wsdl:part name="parameters" element="tns:eliminarUsuario"/>
  </wsdl:message>
  <wsdl:message name="eliminarUsuarioSoapOut">
    <wsdl:part name="parameters" element="tns:eliminarUsuarioResponse"/>
  </wsdl:message>
  <wsdl:portType name="GIGenericPortType">
    <wsdl:operation name="crearUsuario">
      <wsdl:input message="tns:crearUsuarioSoapIn" wsaw:Action="http://tempuri.org/crearUsuario"/>
      <wsdl:output message="tns:crearUsuarioSoapOut" wsaw:Action="http://tempuri.org/WebServiceGenericSoap/crearUsuarioResponse"/>
    </wsdl:operation>
    <wsdl:operation name="modificarUsuario">
      <wsdl:input message="tns:modificarUsuarioSoapIn" wsaw:Action="http://tempuri.org/modificarUsuario"/>
      <wsdl:output message="tns:modificarUsuarioSoapOut" wsaw:Action="http://tempuri.org/WebServiceGenericSoap/modificarUsuarioResponse"/>
    </wsdl:operation>
    <wsdl:operation name="consultarUsuario">
      <wsdl:input message="tns:consultarUsuarioSoapIn" wsaw:Action="http://tempuri.org/consultarUsuario"/>
      <wsdl:output message="tns:consultarUsuarioSoapOut" wsaw:Action="http://tempuri.org/WebServiceGenericSoap/consultarUsuarioResponse"/>
    </wsdl:operation>
    <wsdl:operation name="crearRequerimientos">
      <wsdl:input message="tns:crearRequerimientosSoapIn" wsaw:Action="http://tempuri.org/crearRequerimientos"/>
      <wsdl:output message="tns:crearRequerimientosSoapOut" wsaw:Action="http://tempuri.org/WebServiceGenericSoap/crearRequerimientosResponse"/>
    </wsdl:operation>
    <wsdl:operation name="eliminarUsuario">
      <wsdl:input message="tns:eliminarUsuarioSoapIn" wsaw:Action="http://tempuri.org/eliminarUsuario"/>
      <wsdl:output message="tns:eliminarUsuarioSoapOut" wsaw:Action="http://tempuri.org/WebServiceGenericSoap/eliminarUsuarioResponse"/>
    </wsdl:operation>
  </wsdl:portType>
  <wsdl:binding name="GIGenericSoap11Binding" type="tns:GIGenericPortType">
    <soap:binding transport="http://schemas.xmlsoap.org/soap/http" style="document"/>
    <wsdl:operation name="crearUsuario">
      <soap:operation soapAction="http://tempuri.org/crearUsuario" style="document"/>
      <wsdl:input>
        <soap:body use="literal"/>
      </wsdl:input>
      <wsdl:output>
        <soap:body use="literal"/>
      </wsdl:output>
    </wsdl:operation>
    <wsdl:operation name="modificarUsuario">
      <soap:operation soapAction="http://tempuri.org/modificarUsuario" style="document"/>
      <wsdl:input>
        <soap:body use="literal"/>
      </wsdl:input>
      <wsdl:output>
        <soap:body use="literal"/>
      </wsdl:output>
    </wsdl:operation>
    <wsdl:operation name="consultarUsuario">
      <soap:operation soapAction="http://tempuri.org/consultarUsuario" style="document"/>
      <wsdl:input>
        <soap:body use="literal"/>
      </wsdl:input>
      <wsdl:output>
        <soap:body use="literal"/>
      </wsdl:output>
    </wsdl:operation>
    <wsdl:operation name="crearRequerimientos">
      <soap:operation soapAction="http://tempuri.org/crearRequerimientos" style="document"/>
      <wsdl:input>
        <soap:body use="literal"/>
      </wsdl:input>
      <wsdl:output>
        <soap:body use="literal"/>
      </wsdl:output>
    </wsdl:operation>
    <wsdl:operation name="eliminarUsuario">
      <soap:operation soapAction="http://tempuri.org/eliminarUsuario" style="document"/>
      <wsdl:input>
        <soap:body use="literal"/>
      </wsdl:input>
      <wsdl:output>
        <soap:body use="literal"/>
      </wsdl:output>
    </wsdl:operation>
  </wsdl:binding>
  <wsdl:binding name="GIGenericSoap12Binding" type="tns:GIGenericPortType">
    <soap12:binding transport="http://schemas.xmlsoap.org/soap/http" style="document"/>
    <wsdl:operation name="crearUsuario">
      <soap12:operation soapAction="http://tempuri.org/crearUsuario" style="document"/>
      <wsdl:input>
        <soap12:body use="literal"/>
      </wsdl:input>
      <wsdl:output>
        <soap12:body use="literal"/>
      </wsdl:output>
    </wsdl:operation>
    <wsdl:operation name="modificarUsuario">
      <soap12:operation soapAction="http://tempuri.org/modificarUsuario" style="document"/>
      <wsdl:input>
        <soap12:body use="literal"/>
      </wsdl:input>
      <wsdl:output>
        <soap12:body use="literal"/>
      </wsdl:output>
    </wsdl:operation>
    <wsdl:operation name="consultarUsuario">
      <soap12:operation soapAction="http://tempuri.org/consultarUsuario" style="document"/>
      <wsdl:input>
        <soap12:body use="literal"/>
      </wsdl:input>
      <wsdl:output>
        <soap12:body use="literal"/>
      </wsdl:output>
    </wsdl:operation>
    <wsdl:operation name="crearRequerimientos">
      <soap12:operation soapAction="http://tempuri.org/crearRequerimientos" style="document"/>
      <wsdl:input>
        <soap12:body use="literal"/>
      </wsdl:input>
      <wsdl:output>
        <soap12:body use="literal"/>
      </wsdl:output>
    </wsdl:operation>
    <wsdl:operation name="eliminarUsuario">
      <soap12:operation soapAction="http://tempuri.org/eliminarUsuario" style="document"/>
      <wsdl:input>
        <soap12:body use="literal"/>
      </wsdl:input>
      <wsdl:output>
        <soap12:body use="literal"/>
      </wsdl:output>
    </wsdl:operation>
  </wsdl:binding>
  <wsdl:binding name="GIGenericHttpBinding" type="tns:GIGenericPortType">
    <http:binding verb="POST"/>
    <wsdl:operation name="crearUsuario">
      <http:operation location="crearUsuario"/>
      <wsdl:input>
        <mime:content type="text/xml" part="parameters"/>
      </wsdl:input>
      <wsdl:output>
        <mime:content type="text/xml" part="parameters"/>
      </wsdl:output>
    </wsdl:operation>
    <wsdl:operation name="modificarUsuario">
      <http:operation location="modificarUsuario"/>
      <wsdl:input>
        <mime:content type="text/xml" part="parameters"/>
      </wsdl:input>
      <wsdl:output>
        <mime:content type="text/xml" part="parameters"/>
      </wsdl:output>
    </wsdl:operation>
    <wsdl:operation name="consultarUsuario">
      <http:operation location="consultarUsuario"/>
      <wsdl:input>
        <mime:content type="text/xml" part="parameters"/>
      </wsdl:input>
      <wsdl:output>
        <mime:content type="text/xml" part="parameters"/>
      </wsdl:output>
    </wsdl:operation>
    <wsdl:operation name="crearRequerimientos">
      <http:operation location="crearRequerimientos"/>
      <wsdl:input>
        <mime:content type="text/xml" part="parameters"/>
      </wsdl:input>
      <wsdl:output>
        <mime:content type="text/xml" part="parameters"/>
      </wsdl:output>
    </wsdl:operation>
    <wsdl:operation name="eliminarUsuario">
      <http:operation location="eliminarUsuario"/>
      <wsdl:input>
        <mime:content type="text/xml" part="parameters"/>
      </wsdl:input>
      <wsdl:output>
        <mime:content type="text/xml" part="parameters"/>
      </wsdl:output>
    </wsdl:operation>
  </wsdl:binding>
  <wsdl:service name="GIGeneric">
    <wsdl:port name="GIGenericHttpsSoap11Endpoint" binding="tns:GIGenericSoap11Binding">
      <soap:address location="https://gw-integrator.apps.desa.bpichincha.com/services/GIGeneric.GIGenericHttpsSoap11Endpoint"/>
    </wsdl:port>
    <wsdl:port name="GIGenericHttpSoap11Endpoint" binding="tns:GIGenericSoap11Binding">
      <soap:address location="http://gw-integrator.apps.desa.bpichincha.com/services/GIGeneric.GIGenericHttpSoap11Endpoint"/>
    </wsdl:port>
    <wsdl:port name="GIGenericHttpSoap12Endpoint" binding="tns:GIGenericSoap12Binding">
      <soap12:address location="http://gw-integrator.apps.desa.bpichincha.com/services/GIGeneric.GIGenericHttpSoap12Endpoint"/>
    </wsdl:port>
    <wsdl:port name="GIGenericHttpsSoap12Endpoint" binding="tns:GIGenericSoap12Binding">
      <soap12:address location="https://gw-integrator.apps.desa.bpichincha.com/services/GIGeneric.GIGenericHttpsSoap12Endpoint"/>
    </wsdl:port>
    <wsdl:port name="GIGenericHttpEndpoint" binding="tns:GIGenericHttpBinding">
      <http:address location="http://gw-integrator.apps.desa.bpichincha.com/services/GIGeneric.GIGenericHttpEndpoint"/>
    </wsdl:port>
    <wsdl:port name="GIGenericHttpsEndpoint" binding="tns:GIGenericHttpBinding">
      <http:address location="https://gw-integrator.apps.desa.bpichincha.com/services/GIGeneric.GIGenericHttpsEndpoint"/>
    </wsdl:port>
  </wsdl:service>
</wsdl:definitions>]]></con:content><con:type>http://schemas.xmlsoap.org/wsdl/</con:type></con:part></con:definitionCache><con:endpoints><con:endpoint>http://gw-integrator.apps.desa.bpichincha.com/services/GIGeneric.GIGenericHttpSoap12Endpoint</con:endpoint><con:endpoint>https://gw-integrator.apps.desa.bpichincha.com/services/GIGeneric.GIGenericHttpsSoap12Endpoint</con:endpoint></con:endpoints><con:operation id="77deedef-b402-4039-a577-dbcfc4149c20" isOneWay="false" action="http://tempuri.org/consultarUsuario" name="consultarUsuario" bindingOperationName="consultarUsuario" type="Request-Response" inputName="" receivesAttachments="false" sendsAttachments="false" anonymous="optional"><con:settings/><con:call id="050fc9d0-d5be-49b1-a4f2-1739fa719bb2" name="Request 1"><con:settings/><con:encoding>UTF-8</con:encoding><con:endpoint>http://gw-integrator.apps.desa.bpichincha.com/services/GIGeneric.GIGenericHttpSoap12Endpoint</con:endpoint><con:request><![CDATA[<soap:Envelope xmlns:soap="http://www.w3.org/2003/05/soap-envelope" xmlns:tem="http://tempuri.org/">\r
   <soap:Header/>\r
   <soap:Body>\r
      <tem:consultarUsuario>\r
         <!--Optional:-->\r
         <tem:guid>?</tem:guid>\r
         <!--Optional:-->\r
         <tem:uuid>?</tem:uuid>\r
         <!--Optional:-->\r
         <tem:tellerName>?</tem:tellerName>\r
         <!--Optional:-->\r
         <tem:aplicacion>?</tem:aplicacion>\r
      </tem:consultarUsuario>\r
   </soap:Body>\r
</soap:Envelope>]]></con:request><con:wsaConfig mustUnderstand="NONE" version="200508" action="{http://schemas.xmlsoap.org/wsdl/http/}//tempuri.org/consultarUsuario"/></con:call></con:operation><con:operation id="04d2b8f2-a831-400b-8832-30218791cab1" isOneWay="false" action="http://tempuri.org/crearRequerimientos" name="crearRequerimientos" bindingOperationName="crearRequerimientos" type="Request-Response" inputName="" receivesAttachments="false" sendsAttachments="false" anonymous="optional"><con:settings/><con:call id="660b6a9d-a6ea-43e6-87d9-15b2d361ec30" name="Request 1"><con:settings/><con:encoding>UTF-8</con:encoding><con:endpoint>http://gw-integrator.apps.desa.bpichincha.com/services/GIGeneric.GIGenericHttpSoap12Endpoint</con:endpoint><con:request><![CDATA[<soap:Envelope xmlns:soap="http://www.w3.org/2003/05/soap-envelope" xmlns:tem="http://tempuri.org/">\r
   <soap:Header/>\r
   <soap:Body>\r
      <tem:crearRequerimientos>\r
         <tem:guid>?</tem:guid>\r
         <tem:uuid>?</tem:uuid>\r
         <tem:aplicacion>?</tem:aplicacion>\r
         <tem:correoElectronico>?</tem:correoElectronico>\r
         <tem:tellerName>?</tem:tellerName>\r
         <!--Optional:-->\r
         <tem:tellerNumber>?</tem:tellerNumber>\r
         <tem:nombreUsuario>?</tem:nombreUsuario>\r
         <tem:tipoIdentificacion>?</tem:tipoIdentificacion>\r
         <tem:empresa>?</tem:empresa>\r
         <tem:observacion>?</tem:observacion>\r
         <tem:cargo>?</tem:cargo>\r
         <tem:codigoCentroCosto>?</tem:codigoCentroCosto>\r
         <tem:identificacion>?</tem:identificacion>\r
         <tem:celular>?</tem:celular>\r
         <tem:terminal>?</tem:terminal>\r
         <tem:nombresEmpleado>?</tem:nombresEmpleado>\r
         <!--Optional:-->\r
         <tem:apellidosEmpleado>?</tem:apellidosEmpleado>\r
         <!--Optional:-->\r
         <tem:codigoCompania>?</tem:codigoCompania>\r
         <!--Optional:-->\r
         <tem:fechaSalidaEmpleado>?</tem:fechaSalidaEmpleado>\r
         <!--Optional:-->\r
         <tem:fechaIngresoEmpleado>?</tem:fechaIngresoEmpleado>\r
         <!--Optional:-->\r
         <tem:nombreCompania>?</tem:nombreCompania>\r
         <!--Optional:-->\r
         <tem:estadoEmpleado>?</tem:estadoEmpleado>\r
         <!--Optional:-->\r
         <tem:claveAcceso>?</tem:claveAcceso>\r
         <tem:especificos>\r
            <!--Optional:-->\r
            <tem:grupoTransaccion>Only for BANCS</tem:grupoTransaccion>\r
            <!--Optional:-->\r
            <tem:nivelCapacidad>Only for BANCS</tem:nivelCapacidad>\r
            <!--Optional:-->\r
            <tem:nivelCorreo>Only for BANCS</tem:nivelCorreo>\r
            <!--Optional:-->\r
            <tem:userType>Only for BANCS</tem:userType>\r
            <!--Optional:-->\r
            <tem:chngBranchAlwd>Only for BANCS</tem:chngBranchAlwd>\r
            <!--Optional:-->\r
            <tem:brchSup>Only for BANCS</tem:brchSup>\r
            <!--Optional:-->\r
            <tem:atmFlag>Only for BANCS</tem:atmFlag>\r
            <!--Optional:-->\r
            <tem:accsignMod>Only for BANCS</tem:accsignMod>\r
            <!--Optional:-->\r
            <tem:casualApprovallim>Only for BANCS</tem:casualApprovallim>\r
            <!--Optional:-->\r
            <tem:nivelSeguridad>Only for BANCS</tem:nivelSeguridad>\r
            <!--Optional:-->\r
            <tem:estadoUsuario>Only for BANCS</tem:estadoUsuario>\r
            <!--Optional:-->\r
            <tem:perfilUsuario>Only for PPRD</tem:perfilUsuario>\r
            <!--Optional:-->\r
            <tem:loginUsuario>Only for PPRD</tem:loginUsuario>\r
            <!--Optional:-->\r
            <tem:usuarioInterno>Only for PPRD</tem:usuarioInterno>\r
            <!--Optional:-->\r
            <tem:interno>Only for LOGICIEL</tem:interno>\r
            <!--Optional:-->\r
            <tem:enviarMail>Only for LOGICIEL</tem:enviarMail>\r
            <!--Optional:-->\r
            <tem:cambioPwdInicial>Only for LOGICIEL</tem:cambioPwdInicial>\r
            <!--Optional:-->\r
            <tem:codigoTipoUsuario>Only for LOGICIEL</tem:codigoTipoUsuario>\r
            <!--Optional:-->\r
            <tem:codigoRol>Only for LOGICIEL</tem:codigoRol>\r
            <!--Optional:-->\r
            <tem:codigoHorario>Only for LOGICIEL</tem:codigoHorario>\r
            <!--Optional:-->\r
            <tem:loginSupervisor>Only for LOGICIEL</tem:loginSupervisor>\r
            <!--Optional:-->\r
            <tem:codigoAgenciaDefault>Only for LOGICIEL</tem:codigoAgenciaDefault>\r
            <!--Optional:-->\r
            <tem:validarAtributosPerfil>Only for LOGICIEL</tem:validarAtributosPerfil>\r
            <!--Optional:-->\r
            <tem:codigoAtributo>Only for LOGICIEL</tem:codigoAtributo>\r
            <!--Optional:-->\r
            <tem:codigoEstado>Only for LOGICIEL</tem:codigoEstado>\r
            <!--Optional:-->\r
            <tem:perfilAplicacionDefault>Only for LOGICIEL</tem:perfilAplicacionDefault>\r
            <!--Optional:-->\r
            <tem:perfilesAplicacionTemporal>Only for LOGICIEL</tem:perfilesAplicacionTemporal>\r
            <!--Optional:-->\r
            <tem:agenciasPermanentesUsuario>Only for LOGICIEL</tem:agenciasPermanentesUsuario>\r
            <!--Optional:-->\r
            <tem:agenciasTemporalesUsuario>Only for LOGICIEL</tem:agenciasTemporalesUsuario>\r
            <!--Optional:-->\r
            <tem:atributoPerfilAplicacionDefault>Only for LOGICIEL</tem:atributoPerfilAplicacionDefault>\r
            <!--Optional:-->\r
            <tem:atributoPerfilesAplicacionTemporal>Only for LOGICIEL</tem:atributoPerfilesAplicacionTemporal>\r
            <!--Optional:-->\r
            <tem:atributoUsuario>Only for LOGICIEL</tem:atributoUsuario>\r
            <tem:codigoRol>Only for RHDS</tem:codigoRol>\r
            <tem:branch>Only for RHDS</tem:branch>\r
            <!--Optional:-->\r
            <tem:RequestedFor>Only for Requerimientos Manuales</tem:RequestedFor>\r
            <!--Optional:-->\r
            <tem:RequestorName>Only for Requerimientos Manuales</tem:RequestorName>\r
            <!--Optional:-->\r
            <tem:Category>Only for Requerimientos Manuales</tem:Category>\r
            <!--Optional:-->\r
            <tem:Subcategory>Only for Requerimientos Manuales</tem:Subcategory>\r
            <!--Optional:-->\r
            <tem:Model>Only for Requerimientos Manuales</tem:Model>\r
            <!--Optional:-->\r
            <tem:AssignedGroup>Only for Requerimientos Manuales</tem:AssignedGroup>\r
            <!--Optional:-->\r
            <tem:BriefDescription>Only for Requerimientos Manuales</tem:BriefDescription>\r
            <!--Optional:-->\r
            <tem:Description>Only for Requerimientos Manuales</tem:Description>\r
            <!--Optional:-->\r
            <tem:Status>Only for Requerimientos Manuales</tem:Status>\r
            <!--Optional:-->\r
            <tem:ApprovalStatus>Only for Requerimientos Manuales</tem:ApprovalStatus>\r
            <!--Optional:-->\r
            <tem:CurrentPhase>Only for Requerimientos Manuales</tem:CurrentPhase>\r
            <!--Optional:-->\r
            <tem:AgreementIds>Only for Requerimientos Manuales</tem:AgreementIds>\r
         </tem:especificos>\r
      </tem:crearRequerimientos>\r
   </soap:Body>\r
</soap:Envelope>]]></con:request><con:wsaConfig mustUnderstand="NONE" version="200508" action="{http://schemas.xmlsoap.org/wsdl/http/}//tempuri.org/crearRequerimientos"/></con:call></con:operation><con:operation id="84a28485-13fb-4059-af2e-b6d5fba78c9e" isOneWay="false" action="http://tempuri.org/crearUsuario" name="crearUsuario" bindingOperationName="crearUsuario" type="Request-Response" inputName="" receivesAttachments="false" sendsAttachments="false" anonymous="optional"><con:settings/><con:call id="cfcea736-9823-4767-959e-2139b56e200e" name="Request 1"><con:settings/><con:encoding>UTF-8</con:encoding><con:endpoint>http://gw-integrator.apps.desa.bpichincha.com/services/GIGeneric.GIGenericHttpSoap12Endpoint</con:endpoint><con:request><![CDATA[<soap:Envelope xmlns:soap="http://www.w3.org/2003/05/soap-envelope" xmlns:tem="http://tempuri.org/">\r
   <soap:Header/>\r
   <soap:Body>\r
      <tem:crearUsuario>\r
         <tem:guid>?</tem:guid>\r
         <tem:uuid>?</tem:uuid>\r
         <tem:aplicacion>?</tem:aplicacion>\r
         <tem:correoElectronico>?</tem:correoElectronico>\r
         <tem:tellerName>?</tem:tellerName>\r
         <!--Optional:-->\r
         <tem:tellerNumber>?</tem:tellerNumber>\r
         <tem:nombreUsuario>?</tem:nombreUsuario>\r
         <tem:tipoIdentificacion>?</tem:tipoIdentificacion>\r
         <tem:empresa>?</tem:empresa>\r
         <tem:observacion>?</tem:observacion>\r
         <tem:cargo>?</tem:cargo>\r
         <tem:codigoCentroCosto>?</tem:codigoCentroCosto>\r
         <tem:identificacion>?</tem:identificacion>\r
         <tem:celular>?</tem:celular>\r
         <tem:terminal>?</tem:terminal>\r
         <tem:nombresEmpleado>?</tem:nombresEmpleado>\r
         <!--Optional:-->\r
         <tem:apellidosEmpleado>?</tem:apellidosEmpleado>\r
         <!--Optional:-->\r
         <tem:codigoCompania>?</tem:codigoCompania>\r
         <!--Optional:-->\r
         <tem:fechaSalidaEmpleado>?</tem:fechaSalidaEmpleado>\r
         <!--Optional:-->\r
         <tem:fechaIngresoEmpleado>?</tem:fechaIngresoEmpleado>\r
         <!--Optional:-->\r
         <tem:nombreCompania>?</tem:nombreCompania>\r
         <!--Optional:-->\r
         <tem:estadoEmpleado>?</tem:estadoEmpleado>\r
         <!--Optional:-->\r
         <tem:claveAcceso>?</tem:claveAcceso>\r
         <tem:especificos>\r
            <!--Optional:-->\r
            <tem:grupoTransaccion>Only for BANCS</tem:grupoTransaccion>\r
            <!--Optional:-->\r
            <tem:nivelCapacidad>Only for BANCS</tem:nivelCapacidad>\r
            <!--Optional:-->\r
            <tem:nivelCorreo>Only for BANCS</tem:nivelCorreo>\r
            <!--Optional:-->\r
            <tem:userType>Only for BANCS</tem:userType>\r
            <!--Optional:-->\r
            <tem:chngBranchAlwd>Only for BANCS</tem:chngBranchAlwd>\r
            <!--Optional:-->\r
            <tem:brchSup>Only for BANCS</tem:brchSup>\r
            <!--Optional:-->\r
            <tem:atmFlag>Only for BANCS</tem:atmFlag>\r
            <!--Optional:-->\r
            <tem:accsignMod>Only for BANCS</tem:accsignMod>\r
            <!--Optional:-->\r
            <tem:casualApprovallim>Only for BANCS</tem:casualApprovallim>\r
            <!--Optional:-->\r
            <tem:nivelSeguridad>Only for BANCS</tem:nivelSeguridad>\r
            <!--Optional:-->\r
            <tem:estadoUsuario>Only for BANCS</tem:estadoUsuario>\r
            <!--Optional:-->\r
            <tem:perfilUsuario>Only for PPRD</tem:perfilUsuario>\r
            <!--Optional:-->\r
            <tem:loginUsuario>Only for PPRD</tem:loginUsuario>\r
            <!--Optional:-->\r
            <tem:usuarioInterno>Only for PPRD</tem:usuarioInterno>\r
            <!--Optional:-->\r
            <tem:interno>Only for LOGICIEL</tem:interno>\r
            <!--Optional:-->\r
            <tem:enviarMail>Only for LOGICIEL</tem:enviarMail>\r
            <!--Optional:-->\r
            <tem:cambioPwdInicial>Only for LOGICIEL</tem:cambioPwdInicial>\r
            <!--Optional:-->\r
            <tem:codigoTipoUsuario>Only for LOGICIEL</tem:codigoTipoUsuario>\r
            <!--Optional:-->\r
            <tem:codigoRol>Only for LOGICIEL</tem:codigoRol>\r
            <!--Optional:-->\r
            <tem:codigoHorario>Only for LOGICIEL</tem:codigoHorario>\r
            <!--Optional:-->\r
            <tem:loginSupervisor>Only for LOGICIEL</tem:loginSupervisor>\r
            <!--Optional:-->\r
            <tem:codigoAgenciaDefault>Only for LOGICIEL</tem:codigoAgenciaDefault>\r
            <!--Optional:-->\r
            <tem:validarAtributosPerfil>Only for LOGICIEL</tem:validarAtributosPerfil>\r
            <!--Optional:-->\r
            <tem:codigoAtributo>Only for LOGICIEL</tem:codigoAtributo>\r
            <!--Optional:-->\r
            <tem:codigoEstado>Only for LOGICIEL</tem:codigoEstado>\r
            <!--Optional:-->\r
            <tem:perfilAplicacionDefault>Only for LOGICIEL</tem:perfilAplicacionDefault>\r
            <!--Optional:-->\r
            <tem:perfilesAplicacionTemporal>Only for LOGICIEL</tem:perfilesAplicacionTemporal>\r
            <!--Optional:-->\r
            <tem:agenciasPermanentesUsuario>Only for LOGICIEL</tem:agenciasPermanentesUsuario>\r
            <!--Optional:-->\r
            <tem:agenciasTemporalesUsuario>Only for LOGICIEL</tem:agenciasTemporalesUsuario>\r
            <!--Optional:-->\r
            <tem:atributoPerfilAplicacionDefault>Only for LOGICIEL</tem:atributoPerfilAplicacionDefault>\r
            <!--Optional:-->\r
            <tem:atributoPerfilesAplicacionTemporal>Only for LOGICIEL</tem:atributoPerfilesAplicacionTemporal>\r
            <!--Optional:-->\r
            <tem:atributoUsuario>Only for LOGICIEL</tem:atributoUsuario>\r
            <tem:codigoRol>Only for RHDS</tem:codigoRol>\r
            <tem:branch>Only for RHDS</tem:branch>\r
            <!--Optional:-->\r
            <tem:RequestedFor>Only for Requerimientos Manuales</tem:RequestedFor>\r
            <!--Optional:-->\r
            <tem:RequestorName>Only for Requerimientos Manuales</tem:RequestorName>\r
            <!--Optional:-->\r
            <tem:Category>Only for Requerimientos Manuales</tem:Category>\r
            <!--Optional:-->\r
            <tem:Subcategory>Only for Requerimientos Manuales</tem:Subcategory>\r
            <!--Optional:-->\r
            <tem:Model>Only for Requerimientos Manuales</tem:Model>\r
            <!--Optional:-->\r
            <tem:AssignedGroup>Only for Requerimientos Manuales</tem:AssignedGroup>\r
            <!--Optional:-->\r
            <tem:BriefDescription>Only for Requerimientos Manuales</tem:BriefDescription>\r
            <!--Optional:-->\r
            <tem:Description>Only for Requerimientos Manuales</tem:Description>\r
            <!--Optional:-->\r
            <tem:Status>Only for Requerimientos Manuales</tem:Status>\r
            <!--Optional:-->\r
            <tem:ApprovalStatus>Only for Requerimientos Manuales</tem:ApprovalStatus>\r
            <!--Optional:-->\r
            <tem:CurrentPhase>Only for Requerimientos Manuales</tem:CurrentPhase>\r
            <!--Optional:-->\r
            <tem:AgreementIds>Only for Requerimientos Manuales</tem:AgreementIds>\r
         </tem:especificos>\r
      </tem:crearUsuario>\r
   </soap:Body>\r
</soap:Envelope>]]></con:request><con:wsaConfig mustUnderstand="NONE" version="200508" action="{http://schemas.xmlsoap.org/wsdl/http/}//tempuri.org/crearUsuario"/></con:call></con:operation><con:operation id="def5714a-a4bf-4c64-badc-98cecd03d8a1" isOneWay="false" action="http://tempuri.org/eliminarUsuario" name="eliminarUsuario" bindingOperationName="eliminarUsuario" type="Request-Response" inputName="" receivesAttachments="false" sendsAttachments="false" anonymous="optional"><con:settings/><con:call id="32efbeb1-f6a4-4533-9a27-875f37567b68" name="Request 1"><con:settings/><con:encoding>UTF-8</con:encoding><con:endpoint>http://gw-integrator.apps.desa.bpichincha.com/services/GIGeneric.GIGenericHttpSoap12Endpoint</con:endpoint><con:request><![CDATA[<soap:Envelope xmlns:soap="http://www.w3.org/2003/05/soap-envelope" xmlns:tem="http://tempuri.org/">\r
   <soap:Header/>\r
   <soap:Body>\r
      <tem:eliminarUsuario>\r
         <!--Optional:-->\r
         <tem:guid>?</tem:guid>\r
         <!--Optional:-->\r
         <tem:uuid>?</tem:uuid>\r
         <!--Optional:-->\r
         <tem:tellerName>?</tem:tellerName>\r
         <!--Optional:-->\r
         <tem:aplicacion>?</tem:aplicacion>\r
      </tem:eliminarUsuario>\r
   </soap:Body>\r
</soap:Envelope>]]></con:request><con:wsaConfig mustUnderstand="NONE" version="200508" action="{http://schemas.xmlsoap.org/wsdl/http/}//tempuri.org/eliminarUsuario"/></con:call></con:operation><con:operation id="4ba4715d-5e94-45a5-9f70-ad51a9e9d9ae" isOneWay="false" action="http://tempuri.org/modificarUsuario" name="modificarUsuario" bindingOperationName="modificarUsuario" type="Request-Response" inputName="" receivesAttachments="false" sendsAttachments="false" anonymous="optional"><con:settings/><con:call id="506b21fc-abd1-4a1c-b1df-f0b96782b2a4" name="Request 1"><con:settings/><con:encoding>UTF-8</con:encoding><con:endpoint>http://gw-integrator.apps.desa.bpichincha.com/services/GIGeneric.GIGenericHttpSoap12Endpoint</con:endpoint><con:request><![CDATA[<soap:Envelope xmlns:soap="http://www.w3.org/2003/05/soap-envelope" xmlns:tem="http://tempuri.org/">\r
   <soap:Header/>\r
   <soap:Body>\r
      <tem:modificarUsuario>\r
         <tem:guid>?</tem:guid>\r
         <tem:uuid>?</tem:uuid>\r
         <tem:aplicacion>?</tem:aplicacion>\r
         <tem:correoElectronico>?</tem:correoElectronico>\r
         <tem:tellerName>?</tem:tellerName>\r
         <!--Optional:-->\r
         <tem:tellerNumber>?</tem:tellerNumber>\r
         <tem:nombreUsuario>?</tem:nombreUsuario>\r
         <tem:tipoIdentificacion>?</tem:tipoIdentificacion>\r
         <tem:empresa>?</tem:empresa>\r
         <tem:observacion>?</tem:observacion>\r
         <tem:cargo>?</tem:cargo>\r
         <tem:codigoCentroCosto>?</tem:codigoCentroCosto>\r
         <tem:identificacion>?</tem:identificacion>\r
         <tem:celular>?</tem:celular>\r
         <tem:terminal>?</tem:terminal>\r
         <tem:nombresEmpleado>?</tem:nombresEmpleado>\r
         <!--Optional:-->\r
         <tem:apellidosEmpleado>?</tem:apellidosEmpleado>\r
         <!--Optional:-->\r
         <tem:codigoCompania>?</tem:codigoCompania>\r
         <!--Optional:-->\r
         <tem:fechaSalidaEmpleado>?</tem:fechaSalidaEmpleado>\r
         <!--Optional:-->\r
         <tem:fechaIngresoEmpleado>?</tem:fechaIngresoEmpleado>\r
         <!--Optional:-->\r
         <tem:nombreCompania>?</tem:nombreCompania>\r
         <!--Optional:-->\r
         <tem:estadoEmpleado>?</tem:estadoEmpleado>\r
         <!--Optional:-->\r
         <tem:claveAcceso>?</tem:claveAcceso>\r
         <tem:especificos>\r
            <!--Optional:-->\r
            <tem:grupoTransaccion>Only for BANCS</tem:grupoTransaccion>\r
            <!--Optional:-->\r
            <tem:nivelCapacidad>Only for BANCS</tem:nivelCapacidad>\r
            <!--Optional:-->\r
            <tem:nivelCorreo>Only for BANCS</tem:nivelCorreo>\r
            <!--Optional:-->\r
            <tem:userType>Only for BANCS</tem:userType>\r
            <!--Optional:-->\r
            <tem:chngBranchAlwd>Only for BANCS</tem:chngBranchAlwd>\r
            <!--Optional:-->\r
            <tem:brchSup>Only for BANCS</tem:brchSup>\r
            <!--Optional:-->\r
            <tem:atmFlag>Only for BANCS</tem:atmFlag>\r
            <!--Optional:-->\r
            <tem:accsignMod>Only for BANCS</tem:accsignMod>\r
            <!--Optional:-->\r
            <tem:casualApprovallim>Only for BANCS</tem:casualApprovallim>\r
            <!--Optional:-->\r
            <tem:nivelSeguridad>Only for BANCS</tem:nivelSeguridad>\r
            <!--Optional:-->\r
            <tem:estadoUsuario>Only for BANCS</tem:estadoUsuario>\r
            <!--Optional:-->\r
            <tem:perfilUsuario>Only for PPRD</tem:perfilUsuario>\r
            <!--Optional:-->\r
            <tem:loginUsuario>Only for PPRD</tem:loginUsuario>\r
            <!--Optional:-->\r
            <tem:usuarioInterno>Only for PPRD</tem:usuarioInterno>\r
            <!--Optional:-->\r
            <tem:interno>Only for LOGICIEL</tem:interno>\r
            <!--Optional:-->\r
            <tem:enviarMail>Only for LOGICIEL</tem:enviarMail>\r
            <!--Optional:-->\r
            <tem:cambioPwdInicial>Only for LOGICIEL</tem:cambioPwdInicial>\r
            <!--Optional:-->\r
            <tem:codigoTipoUsuario>Only for LOGICIEL</tem:codigoTipoUsuario>\r
            <!--Optional:-->\r
            <tem:codigoRol>Only for LOGICIEL</tem:codigoRol>\r
            <!--Optional:-->\r
            <tem:codigoHorario>Only for LOGICIEL</tem:codigoHorario>\r
            <!--Optional:-->\r
            <tem:loginSupervisor>Only for LOGICIEL</tem:loginSupervisor>\r
            <!--Optional:-->\r
            <tem:codigoAgenciaDefault>Only for LOGICIEL</tem:codigoAgenciaDefault>\r
            <!--Optional:-->\r
            <tem:validarAtributosPerfil>Only for LOGICIEL</tem:validarAtributosPerfil>\r
            <!--Optional:-->\r
            <tem:codigoAtributo>Only for LOGICIEL</tem:codigoAtributo>\r
            <!--Optional:-->\r
            <tem:codigoEstado>Only for LOGICIEL</tem:codigoEstado>\r
            <!--Optional:-->\r
            <tem:perfilAplicacionDefault>Only for LOGICIEL</tem:perfilAplicacionDefault>\r
            <!--Optional:-->\r
            <tem:perfilesAplicacionTemporal>Only for LOGICIEL</tem:perfilesAplicacionTemporal>\r
            <!--Optional:-->\r
            <tem:agenciasPermanentesUsuario>Only for LOGICIEL</tem:agenciasPermanentesUsuario>\r
            <!--Optional:-->\r
            <tem:agenciasTemporalesUsuario>Only for LOGICIEL</tem:agenciasTemporalesUsuario>\r
            <!--Optional:-->\r
            <tem:atributoPerfilAplicacionDefault>Only for LOGICIEL</tem:atributoPerfilAplicacionDefault>\r
            <!--Optional:-->\r
            <tem:atributoPerfilesAplicacionTemporal>Only for LOGICIEL</tem:atributoPerfilesAplicacionTemporal>\r
            <!--Optional:-->\r
            <tem:atributoUsuario>Only for LOGICIEL</tem:atributoUsuario>\r
            <tem:codigoRol>Only for RHDS</tem:codigoRol>\r
            <tem:branch>Only for RHDS</tem:branch>\r
            <!--Optional:-->\r
            <tem:RequestedFor>Only for Requerimientos Manuales</tem:RequestedFor>\r
            <!--Optional:-->\r
            <tem:RequestorName>Only for Requerimientos Manuales</tem:RequestorName>\r
            <!--Optional:-->\r
            <tem:Category>Only for Requerimientos Manuales</tem:Category>\r
            <!--Optional:-->\r
            <tem:Subcategory>Only for Requerimientos Manuales</tem:Subcategory>\r
            <!--Optional:-->\r
            <tem:Model>Only for Requerimientos Manuales</tem:Model>\r
            <!--Optional:-->\r
            <tem:AssignedGroup>Only for Requerimientos Manuales</tem:AssignedGroup>\r
            <!--Optional:-->\r
            <tem:BriefDescription>Only for Requerimientos Manuales</tem:BriefDescription>\r
            <!--Optional:-->\r
            <tem:Description>Only for Requerimientos Manuales</tem:Description>\r
            <!--Optional:-->\r
            <tem:Status>Only for Requerimientos Manuales</tem:Status>\r
            <!--Optional:-->\r
            <tem:ApprovalStatus>Only for Requerimientos Manuales</tem:ApprovalStatus>\r
            <!--Optional:-->\r
            <tem:CurrentPhase>Only for Requerimientos Manuales</tem:CurrentPhase>\r
            <!--Optional:-->\r
            <tem:AgreementIds>Only for Requerimientos Manuales</tem:AgreementIds>\r
         </tem:especificos>\r
      </tem:modificarUsuario>\r
   </soap:Body>\r
</soap:Envelope>]]></con:request><con:wsaConfig mustUnderstand="NONE" version="200508" action="{http://schemas.xmlsoap.org/wsdl/http/}//tempuri.org/modificarUsuario"/></con:call></con:operation></con:interface><con:properties/><con:wssContainer/><con:oAuth2ProfileContainer/><con:oAuth1ProfileContainer/></con:soapui-project>