<Catalogs xmlns="centra-id.com">
    <Catalog>
        <id>5</id>
        <code>2</code>
        <name>PASAPORTE</name>
        <predetermined>0</predetermined>
        <ordinal>1</ordinal>
        <valueText>XX</valueText>
        <valueNumber>1.00</valueNumber>
        <valueDate xmlns:xsi="http://www.w3.org/2001/XMLSchema-instance" xsi:nil="true"/>
        <valueBoolean xmlns:xsi="http://www.w3.org/2001/XMLSchema-instance" xsi:nil="true"/>
        <valid>1</valid>
        <TypesCatalog>
            <id>2</id>
            <code>TIPIDE</code>
            <name>TIPO DE IDENTIFICACIÓN</name>
            <sortType>O</sortType>
            <editable>0</editable>
        </TypesCatalog>
    </Catalog>
    <Catalog>
        <id>2652</id>
        <code>ALTO</code>
        <name>ALTO</name>
        <predetermined>0</predetermined>
        <ordinal>1</ordinal>
        <valueText xmlns:xsi="http://www.w3.org/2001/XMLSchema-instance" xsi:nil="true"/>
        <valueNumber xmlns:xsi="http://www.w3.org/2001/XMLSchema-instance" xsi:nil="true"/>
        <valueDate xmlns:xsi="http://www.w3.org/2001/XMLSchema-instance" xsi:nil="true"/>
        <valueBoolean xmlns:xsi="http://www.w3.org/2001/XMLSchema-instance" xsi:nil="true"/>
        <valid>1</valid>
        <TypesCatalog>
            <id>12</id>
            <code>NIVRIE</code>
            <name>NIVEL DE RIESGO</name>
            <sortType>O</sortType>
            <editable>0</editable>
        </TypesCatalog>
    </Catalog>
</Catalogs>