<?xml version="1.0" encoding="UTF-8"?><Catalogs>
<Catalog>
<id>5</id>
<code>2</code>
<name>PASAPORTE</name>
<predetermined>0</predetermined>
<ordinal>1</ordinal>
<valueText>XX</valueText>
<valueNumber>1.00</valueNumber>
<valueDate/>
<valueBoolean/>
<valid>1</valid>
<TypesCatalog>
<id>2</id>
<code>TIPIDE</code>
<name>TIPO DE IDENTIFICACIÓN</name>
<sortType>O</sortType>
<editable>0</editable>
</TypesCatalog>
</Catalog>
<Catalog>
<id>2652</id>
<code>ALTO</code>
<name>ALTO</name>
<predetermined>0</predetermined>
<ordinal>1</ordinal>
<valueText/>
<valueNumber/>
<valueDate/>
<valueBoolean/>
<valid>1</valid>
<TypesCatalog>
<id>12</id>
<code>NIVRIE</code>
<name>NIVEL DE RIESGO</name>
<sortType>O</sortType>
<editable>0</editable>
</TypesCatalog>
</Catalog>
</Catalogs>
