<MassiveProcesses xmlns="centra-id.com">
    <MassiveProcess>
        <id>327</id>
        <json>x</json>
        <state>N</state>
        <result>P</result>
        <observations>NO EXISTE DEFINIDO UN PERFIL GLOBAL</observations>
        <typeAction>C</typeAction>
        <username/>
        <codigoTrabajador>797700892</codigoTrabajador>
        <apellidosEmpleado>940822 MOLINA </apellidosEmpleado>
        <nombresEmpleado>30493 HENRY </nombresEmpleado>
        <identificacion>880189178</identificacion>
        <identificacionSupervisor>0916475486</identificacionSupervisor>
        <nombreSupervisor>TAPIA ALCIVAR WAGNER</nombreSupervisor>
        <codigoCompania>BCPI</codigoCompania>
        <nombreCompania>BANCO PICHINCHA C.A.</nombreCompania>
        <codigoAgrupacion>N1008</codigoAgrupacion>
        <nombreAgrupacion>NEGOCIOS</nombreAgrupacion>
        <codigoDivision>DIV15</codigoDivision>
        <nombreDivision>BANCA RELACIONAL</nombreDivision>
        <codigoDepartamento>N40841</codigoDepartamento>
        <nombreDepartamento>REGION COSTA</nombreDepartamento>
        <codigoArea>N3209</codigoArea>
        <nombreArea>ZONA COSTA BABAHOYO</nombreArea>
        <codigoSucursal/>
        <nombreSucursal/>
        <codigoCentroCosto>0001</codigoCentroCosto>
        <nombreCentroCosto>0001 - PLAZA GRANDE</nombreCentroCosto>
        <nombreLocalidad>RELACIONAL</nombreLocalidad>
        <nombreCargo>GERENTE DE AGENCIA D</nombreCargo>
        <codigoNivelJerarquico>70</codigoNivelJerarquico>
        <nombreNivelJerarquico>JEFE / EXPERTO / ADMINISTRADOR </nombreNivelJerarquico>
        <numeroCuentaDeposito>3970761200</numeroCuentaDeposito>
        <fechaIngresoEmpleado>2001-04-01 00:00:00</fechaIngresoEmpleado>
        <fechaSalidaEmpleado/>
        <estadoEmpleado>Activo</estadoEmpleado>
        <codigoEmpleado>3177</codigoEmpleado>
        <tipoUsuario>PERSONA</tipoUsuario>
        <subTipo>EMP</subTipo>
        <fechaRegistro>2019-11-10T02:12:47.540+00:00</fechaRegistro>
        <guid>bf0830d6-2a14-493e-88b6-2198c0704727</guid>
        <typeEvent>P</typeEvent>
        <modificaDatos>0</modificaDatos>
        <recalculoPerfil>0</recalculoPerfil>
        <fechaDatos>1900-01-01T00:00:00.000+00:00</fechaDatos>
        <fechaProvisionamiento xsi:nil="true" xmlns:xsi="http://www.w3.org/2001/XMLSchema-instance"/>
        <uuid>6B9EC24E-A302-4E27-B59A-26E7C2E74546</uuid>
        <celular>160143161</celular>
        <globalProfileDuplicate>11111:222222:444444</globalProfileDuplicate>
        <globalProfileError>N</globalProfileError>
    </MassiveProcess>
    <MassiveProcess>
        <id>328</id>
        <json>Y</json>
        <state>N</state>
        <result>P</result>
        <observations>NO EXISTE DEFINIDO UN PERFIL GLOBAL</observations>
        <typeAction>C</typeAction>
        <username/>
        <codigoTrabajador>67586073</codigoTrabajador>
        <apellidosEmpleado>161349 MOLINA </apellidosEmpleado>
        <nombresEmpleado>939293 HENRY </nombresEmpleado>
        <identificacion>336542339</identificacion>
        <identificacionSupervisor>0916475486</identificacionSupervisor>
        <nombreSupervisor>TAPIA ALCIVAR WAGNER</nombreSupervisor>
        <codigoCompania>BCPI</codigoCompania>
        <nombreCompania>BANCO PICHINCHA C.A.</nombreCompania>
        <codigoAgrupacion>N1008</codigoAgrupacion>
        <nombreAgrupacion>NEGOCIOS</nombreAgrupacion>
        <codigoDivision>DIV15</codigoDivision>
        <nombreDivision>BANCA RELACIONAL</nombreDivision>
        <codigoDepartamento>N40841</codigoDepartamento>
        <nombreDepartamento>REGION COSTA</nombreDepartamento>
        <codigoArea>N3209</codigoArea>
        <nombreArea>ZONA COSTA BABAHOYO</nombreArea>
        <codigoSucursal/>
        <nombreSucursal/>
        <codigoCentroCosto>0001</codigoCentroCosto>
        <nombreCentroCosto>0001 - PLAZA GRANDE</nombreCentroCosto>
        <nombreLocalidad>RELACIONAL</nombreLocalidad>
        <nombreCargo>GERENTE DE AGENCIA D</nombreCargo>
        <codigoNivelJerarquico>70</codigoNivelJerarquico>
        <nombreNivelJerarquico>JEFE / EXPERTO / ADMINISTRADOR </nombreNivelJerarquico>
        <numeroCuentaDeposito>3970761200</numeroCuentaDeposito>
        <fechaIngresoEmpleado>2001-04-01 00:00:00</fechaIngresoEmpleado>
        <fechaSalidaEmpleado/>
        <estadoEmpleado>Activo</estadoEmpleado>
        <codigoEmpleado>747257</codigoEmpleado>
        <tipoUsuario>PERSONA</tipoUsuario>
        <subTipo>EMP</subTipo>
        <fechaRegistro>2019-11-10T02:32:13.240+00:00</fechaRegistro>
        <guid>bf0830d6-2a14-493e-88b6-2198c0704727</guid>
        <typeEvent>P</typeEvent>
        <modificaDatos>0</modificaDatos>
        <recalculoPerfil>0</recalculoPerfil>
        <fechaDatos>1900-01-01T00:00:00.000+00:00</fechaDatos>
        <fechaProvisionamiento xsi:nil="true" xmlns:xsi="http://www.w3.org/2001/XMLSchema-instance"/>
        <uuid>2D652436-5F64-40DA-9EC7-275725F5AE58</uuid>
        <celular>501659474</celular>
        <globalProfileDuplicate/>
        <globalProfileError>N</globalProfileError>
    </MassiveProcess>
</MassiveProcesses>