<?xml version="1.0" encoding="UTF-8"?>
<task class="org.apache.synapse.startup.tasks.MessageInjector" group="synapse.simple.quartz" name="GIRecovery_Task" xmlns="http://ws.apache.org/ns/synapse">
    <trigger cron="0 0/59 * 1/1 * ? *"/>
    <property name="soapAction" value="urn:Select_Estado" xmlns:task="http://www.wso2.org/products/wso2commons/tasks"/>
    <property name="injectTo" value="sequence" xmlns:task="http://www.wso2.org/products/wso2commons/tasks"/>
    <property name="sequenceName" value="GIDss_Splitter_Seq" xmlns:task="http://www.wso2.org/products/wso2commons/tasks"/>
    <property name="message" xmlns:task="http://www.wso2.org/products/wso2commons/tasks">
        <dat:Select_Estado xmlns:dat="http://ws.wso2.org/dataservice">
            <dat:Estado>R</dat:Estado>
        </dat:Select_Estado>
    </property>
</task>
