{
	"$schema": "http://json-schema.org/draft-04/schema#",
	"type": "object",
	"properties": {
		"ProcesarEmpleadoRequest": {
			"type": "object",
			"properties": {
				"headerIn": {
					"type": "object",
					"properties": {
						"guid": {
							"type": "string"
						},
						"fechaHora": {
							"type": "string"
						},
						"ip": {
							"type": "string"
						}
					},
					"required": [
						"guid",
						"fechaHora",
						"ip"
					]
				},
				"bodyIn": {
					"type": "object",
					"properties": {
						"empleados": {
							"type": "array",
							"minItems": 1,
							"maxItems": 1000,
							"items": {
								"type": "object",
								"properties": {
									"codigoTrabajador": {
										"type": "string"
									},
									"apellidosEmpleado": {
										"type": "string"
									},
									"nombresEmpleado": {
										"type": "string"
									},
									"identificacion": {
										"type": "string"
									},
									"identificacionSupervisor": {
										"type": "string"
									},
									"nombreSupervisor": {
										"type": "string"
									},
									"codigoCompania": {
										"type": "string"
									},
									"nombreCompania": {
										"type": "string"
									},
									"codigoAgrupacion": {
										"type": "string"
									},
									"nombreAgrupacion": {
										"type": "string"
									},
									"codigoDivision": {
										"type": "string"
									},
									"nombreDivision": {
										"type": "string"
									},
									"codigoDepartamento": {
										"type": "string"
									},
									"nombreDepartamento": {
										"type": "string"
									},
									"codigoArea": {
										"type": "string"
									},
									"nombreArea": {
										"type": "string"
									},
									"codigoCentroCosto": {
										"type": "string"
									},
									"nombreCentroCosto": {
										"type": "string"
									},
									"nombreLocalidad": {
										"type": "string"
									},
									"nombreCargo": {
										"type": "string"
									},
									"codigoNivelJerarquico": {
										"type": "string"
									},
									"nombreNivelJerarquico": {
										"type": "string"
									},
									"numeroCuentaDeposito": {
										"type": "string"
									},
									"fechaIngresoEmpleado": {
										"type": "string"
									},
									"fechaSalidaEmpleado": {
										"type": ["string","null"]
									},
									"estadoEmpleado": {
										"type": "string"
									},
									"celular": {
										"type": "string"
									},
									"codigoEmpleado": {
										"type": "string"
									},
									"tipoUsuario": {
										"type": "string"
									},
									"subTipo": {
										"type": "string"
									}
								},
								"required": [
									"codigoTrabajador",
									"apellidosEmpleado",
									"nombresEmpleado",
									"identificacion",
									"identificacionSupervisor",
									"nombreSupervisor",
									"codigoCompania",
									"nombreCompania",
									"codigoAgrupacion",
									"nombreAgrupacion",
									"codigoDivision",
									"nombreDivision",
									"codigoDepartamento",
									"nombreDepartamento",
									"codigoArea",
									"nombreArea",
									"codigoCentroCosto",
									"nombreCentroCosto",
									"nombreLocalidad",
									"nombreCargo",
									"codigoNivelJerarquico",
									"nombreNivelJerarquico",
									"numeroCuentaDeposito",
									"fechaIngresoEmpleado",
									"estadoEmpleado",
									"celular",
									"codigoEmpleado",
									"tipoUsuario",
									"subTipo"
								],
								"additionalProperties": false
							}
						}
					},
					"required": [
						"empleados"
					],
					"additionalProperties": false
				}
			},
			"required": [
				"headerIn",
				"bodyIn"
			],
			"additionalProperties": false
		}
	},
	"required": [
		"ProcesarEmpleadoRequest"
	],
	"additionalProperties": false
}


