<?xml version="1.0" encoding="UTF-8"?>
<sequence name="GIMedio_Generic_Seq" trace="disable" xmlns="http://ws.apache.org/ns/synapse">
    <property description="username" expression="$body/*/tem:tellerName/text()" name="username" scope="default" type="STRING" xmlns:tem="http://tempuri.org/"/>
    <log description="seq" level="custom">
        <property name="seq" value="-------------------- GIMedio_Generic_Seq --------------------"/>
        <property expression="get-property('aplicacion')" name="aplicacion"/>
        <property expression="get-property('SOAP_ACTION_REQUEST')" name="SOAP_ACTION_REQUEST"/>
        <property expression="get-property('username')" name="username"/>
    </log>
    <switch source="get-property('SOAP_ACTION_REQUEST')">
        <case regex=".*crearUsuario.*">
            <sequence key="GISCIM_CrearUsuario_Seq"/>
        </case>
        <case regex=".*modificarUsuario.*">
            <sequence key="GISCIM_ModificarUsuario_Seq"/>
        </case>
        <case regex=".*eliminarUsuario.*">
            <sequence key="GISCIM_EliminarUsuario_Seq"/>
        </case>
        <default/>
    </switch>
</sequence>
