<?xml version="1.0" encoding="UTF-8"?>
<sequence name="GISCIM_EliminarUsuario_Seq" trace="disable" xmlns="http://ws.apache.org/ns/synapse">
    <sequence key="GISCIM_ConsultarUsuario_Seq"/>
    <log description="userid" level="custom">
        <property name="seq" value="-------------------- GISCIM_EliminarUsuario_Seq --------------------"/>
        <property expression="get-property('userid')" name="userid"/>
    </log>
    <filter regex="true" source="boolean(get-property('userid'))">
        <then>
            <property description="uri.var.resourcepath" expression="get-property('userid')" name="uri.var.resourcepath" scope="default" type="STRING"/>
            <property description="HTTP_METHOD:DELETE" name="HTTP_METHOD" scope="axis2" type="STRING" value="DELETE"/>
            <sequence key="GISCIM_Seq"/>
        </then>
        <else>
            <property description="HTTP_SC:400" name="HTTP_SC" scope="axis2" type="STRING" value="400"/>
        </else>
    </filter>
</sequence>
