<?xml version="1.0" encoding="UTF-8"?>
<sequence name="GIUpdate_Reproceso_Seq" trace="disable" xmlns="http://ws.apache.org/ns/synapse">
    <log description="seq" level="custom">
        <property name="seq" value="-------------------- GIUpdate_Reproceso_Seq --------------------"/>
        <property expression="get-property('cgi-error-codigo')" name="cgi-error-codigo"/>
        <property expression="get-property('ERROR_CODE')" name="ERROR_CODE"/>
        <property expression="get-property('ERROR_MESSAGE')" name="ERROR_MESSAGE"/>
        <property expression="get-property('MAX_REINTENTOS')" name="MAX_REINTENTOS"/>
        <property expression="get-property('REINTENTO')" name="REINTENTO"/>
        <property expression="$body" name="Dss Update Operation ___ Body ______"/>
    </log>
    <header name="SOAPAction" scope="transport" value="urn:Update_GIdentidad"/>
    <call>
        <endpoint key="GIDss_GIdentidades_EP"/>
    </call>
</sequence>
