<?xml version="1.0" encoding="UTF-8"?>
<messageProcessor class="org.apache.synapse.message.processor.impl.forwarder.ScheduledMessageForwardingProcessor" messageStore="GIGeneric_Store" name="GIGeneric_Processor" targetEndpoint="GIMedio_EP" xmlns="http://ws.apache.org/ns/synapse">
    <parameter name="client.retry.interval">1000</parameter>
    <parameter name="max.delivery.attempts">1</parameter>
    <parameter name="member.count">1</parameter>
    <parameter name="message.processor.reply.sequence">GIGeneric_MessageProcessor_Reply_Seq</parameter>
    <parameter name="message.processor.fault.sequence">GIGeneric_MessageProcessor_Fault_Seq</parameter>
    <parameter name="store.connection.retry.interval">10000</parameter>
    <parameter name="non.retry.status.codes">500</parameter>
    <parameter name="max.store.connection.attempts">-1</parameter>
    <parameter name="max.delivery.drop">Enabled</parameter>
    <parameter name="interval">1000</parameter>
    <parameter name="is.active">true</parameter>
</messageProcessor>
