<?xml version="1.0" encoding="UTF-8"?>
<localEntry key="AD_CONFIGURE" xmlns="http://ws.apache.org/ns/synapse">
    <tem:adConfigure xmlns:tem="http://tempuri.org/">
        <tem:ldapUri>${bp.ad.ldapurl}</tem:ldapUri>
        <tem:searchBaseGroup>${bp.ad.searchBaseGroup}</tem:searchBaseGroup>
        <tem:searchBaseContainer>${bp.ad.searchBaseContainer}</tem:searchBaseContainer>
        <tem:securityPrincipal>${bp.ad.securityPrincipal}</tem:securityPrincipal>
        <tem:securityCredential>${bp.ad.securityCredential}</tem:securityCredential>
    </tem:adConfigure>
</localEntry>
