<?xml version="1.0" encoding="UTF-8"?>
<endpoint name="GIGeneric_EP" xmlns="http://ws.apache.org/ns/synapse">
    <address uri="${bp.ei.host}/services/GIGeneric">
        <timeout>
            <duration>55000</duration>
            <responseAction>fault</responseAction>
        </timeout>
        <suspendOnFailure>
            <errorCodes>-1</errorCodes>
            <initialDuration>0</initialDuration>
            <progressionFactor>1.0</progressionFactor>
            <maximumDuration>0</maximumDuration>
        </suspendOnFailure>
        <markForSuspension>
            <errorCodes>-1</errorCodes>
        </markForSuspension>
    </address>
</endpoint>
