<?xml version="1.0" encoding="UTF-8"?>
<endpoint name="GIRHDS_IS_EP" xmlns="http://ws.apache.org/ns/synapse">
    <http uri-template="{uri.var.host}">
        <timeout>
            <duration>55000</duration>
            <responseAction>fault</responseAction>
        </timeout>
        <suspendOnFailure>
            <errorCodes>-1</errorCodes>
            <initialDuration>0</initialDuration>
            <progressionFactor>1.0</progressionFactor>
            <maximumDuration>0</maximumDuration>
        </suspendOnFailure>
        <markForSuspension>
            <errorCodes>-1</errorCodes>
            <retriesBeforeSuspension>0</retriesBeforeSuspension>
        </markForSuspension>
    </http>
</endpoint>
