<MassiveProcesses xmlns="centra-id.com">
   <MassiveProcess>
      <id>50</id>
      <state>N</state>
      <result>P</result>
      <observations/>
      <typeAction>C</typeAction>
      <username>xx655791</username>
      <codigoTrabajador>659269591</codigoTrabajador>
      <apellidosEmpleado>X655791 MOLINA </apellidosEmpleado>
      <nombresEmpleado>X85499 HENRY </nombresEmpleado>
      <identificacion>164367725</identificacion>
      <identificacionSupervisor>0916475486</identificacionSupervisor>
      <nombreSupervisor>TAPIA ALCIVAR WAGNER</nombreSupervisor>
      <codigoCompania>BCPI</codigoCompania>
      <nombreCompania>BANCO PICHINCHA C.A.</nombreCompania>
      <codigoAgrupacion>N1008</codigoAgrupacion>
      <nombreAgrupacion>NEGOCIOS</nombreAgrupacion>
      <codigoDivision>N2001</codigoDivision>
      <nombreDivision>ADMINISTRATIVA</nombreDivision>
      <codigoDepartamento>N40005</codigoDepartamento>
      <nombreDepartamento>ADMINISTRATIVA</nombreDepartamento>
      <codigoArea>N3182</codigoArea>
      <nombreArea>CADENA DE ABASTECIMIENTO</nombreArea>
      <codigoSucursal/>
      <nombreSucursal/>
      <codigoCentroCosto>0150</codigoCentroCosto>
      <nombreCentroCosto>AGUIRRE Y RUMICHACA (ELIM)</nombreCentroCosto>
      <nombreLocalidad>RELACIONAL</nombreLocalidad>
      <nombreCargo>OPERADOR LOGISTICA</nombreCargo>
      <codigoNivelJerarquico>70</codigoNivelJerarquico>
      <nombreNivelJerarquico>JEFE / EXPERTO / ADMINISTRADOR </nombreNivelJerarquico>
      <numeroCuentaDeposito>3970761200</numeroCuentaDeposito>
      <fechaIngresoEmpleado>2001-04-01 00:00:00</fechaIngresoEmpleado>
      <fechaSalidaEmpleado/>
      <estadoEmpleado>Activo</estadoEmpleado>
      <codigoEmpleado>239709</codigoEmpleado>
      <tipoUsuario>PER</tipoUsuario>
      <subTipo>EMP</subTipo>
      <fechaRegistro>2019-12-24T02:59:22.737+00:00</fechaRegistro>
      <guid>8ccb461c-3a07-4394-98b0-249f1e12a429</guid>
      <typeEvent>C</typeEvent>
      <modificaDatos>0</modificaDatos>
      <recalculoPerfil>0</recalculoPerfil>
      <fechaDatos>1900-01-01T00:00:00.000+00:00</fechaDatos>
      <fechaProvisionamiento xsi:nil="true" xmlns:xsi="http://www.w3.org/2001/XMLSchema-instance"/>
      <uuid>BFE9691A-C1A3-4895-973F-572EDFE17E43</uuid>
      <celular>722869456</celular>
   </MassiveProcess>
</MassiveProcesses>