<?xml version="1.0" encoding="UTF-8"?><artifacts>
    <artifact name="GIGeneric" groupId="com.pichincha.wso2.ei.proxy-service" version="1.0.0" type="synapse/proxy-service" serverRole="EnterpriseServiceBus">
        <file>src/main/synapse-config/proxy-services/GIGeneric.xml</file>
    </artifact>
    <artifact name="GIGeneric_Seq" groupId="com.pichincha.wso2.ei.sequence" version="1.0.0" type="synapse/sequence" serverRole="EnterpriseServiceBus">
        <file>src/main/synapse-config/sequences/GIGeneric_Seq.xml</file>
    </artifact>
    <artifact name="GISoapVersion_Seq" groupId="com.pichincha.wso2.ei.sequence" version="1.0.0" type="synapse/sequence" serverRole="EnterpriseServiceBus">
        <file>src/main/synapse-config/sequences/GISoapVersion_Seq.xml</file>
    </artifact>
    <artifact name="GIMedio" groupId="com.pichincha.wso2.ei.proxy-service" version="1.0.0" type="synapse/proxy-service" serverRole="EnterpriseServiceBus">
        <file>src/main/synapse-config/proxy-services/GIMedio.xml</file>
    </artifact>
    <artifact name="GIGeneric_Fault_Seq" groupId="com.pichincha.wso2.ei.sequence" version="1.0.0" type="synapse/sequence" serverRole="EnterpriseServiceBus">
        <file>src/main/synapse-config/sequences/GIGeneric_Fault_Seq.xml</file>
    </artifact>
    <artifact name="GIMedio_Seq" groupId="com.pichincha.wso2.ei.sequence" version="1.0.0" type="synapse/sequence" serverRole="EnterpriseServiceBus">
        <file>src/main/synapse-config/sequences/GIMedio_Seq.xml</file>
    </artifact>
    <artifact name="GIReply_Seq" groupId="com.pichincha.wso2.ei.sequence" version="1.0.0" type="synapse/sequence" serverRole="EnterpriseServiceBus">
        <file>src/main/synapse-config/sequences/GIReply_Seq.xml</file>
    </artifact>
    <artifact name="GIFault_Seq" groupId="com.pichincha.wso2.ei.sequence" version="1.0.0" type="synapse/sequence" serverRole="EnterpriseServiceBus">
        <file>src/main/synapse-config/sequences/GIFault_Seq.xml</file>
    </artifact>
    <artifact name="GIMedio_Generic_Seq" groupId="com.pichincha.wso2.ei.sequence" version="1.0.0" type="synapse/sequence" serverRole="EnterpriseServiceBus">
        <file>src/main/synapse-config/sequences/GIMedio_Generic_Seq.xml</file>
    </artifact>
    <artifact name="GISCIM_Seq" groupId="com.pichincha.wso2.ei.sequence" version="1.0.0" type="synapse/sequence" serverRole="EnterpriseServiceBus">
        <file>src/main/synapse-config/sequences/GISCIM_Seq.xml</file>
    </artifact>
    <artifact name="GIProperties_Seq" groupId="com.pichincha.wso2.ei.sequence" version="1.0.0" type="synapse/sequence" serverRole="EnterpriseServiceBus">
        <file>src/main/synapse-config/sequences/GIProperties_Seq.xml</file>
    </artifact>
    <artifact name="GIConsulta_Dependientes_Seq" groupId="com.pichincha.wso2.ei.sequence" version="1.0.0" type="synapse/sequence" serverRole="EnterpriseServiceBus">
        <file>src/main/synapse-config/sequences/GIConsulta_Dependientes_Seq.xml</file>
    </artifact>
    <artifact name="GIRecovery_Task" groupId="com.pichincha.wso2.ei.task" version="1.0.0" type="synapse/task" serverRole="EnterpriseServiceBus">
        <file>src/main/synapse-config/tasks/GIRecovery_Task.xml</file>
    </artifact>
    <artifact name="GIDss_Splitter_Seq" groupId="com.pichincha.wso2.ei.sequence" version="1.0.0" type="synapse/sequence" serverRole="EnterpriseServiceBus">
        <file>src/main/synapse-config/sequences/GIDss_Splitter_Seq.xml</file>
    </artifact>
    <artifact name="GISCIM_ConsultarUsuario_Seq" groupId="com.pichincha.wso2.ei.sequence" version="1.0.0" type="synapse/sequence" serverRole="EnterpriseServiceBus">
        <file>src/main/synapse-config/sequences/GISCIM_ConsultarUsuario_Seq.xml</file>
    </artifact>
    <artifact name="GITareas_Seq" groupId="com.pichincha.wso2.ei.sequence" version="1.0.0" type="synapse/sequence" serverRole="EnterpriseServiceBus">
        <file>src/main/synapse-config/sequences/GITareas_Seq.xml</file>
    </artifact>
    <artifact name="GISCIM_CrearUsuario_Seq" groupId="com.pichincha.wso2.ei.sequence" version="1.0.0" type="synapse/sequence" serverRole="EnterpriseServiceBus">
        <file>src/main/synapse-config/sequences/GISCIM_CrearUsuario_Seq.xml</file>
    </artifact>
    <artifact name="GISCIM_ModificarUsuario_Seq" groupId="com.pichincha.wso2.ei.sequence" version="1.0.0" type="synapse/sequence" serverRole="EnterpriseServiceBus">
        <file>src/main/synapse-config/sequences/GISCIM_ModificarUsuario_Seq.xml</file>
    </artifact>
    <artifact name="GISCIM_EliminarUsuario_Seq" groupId="com.pichincha.wso2.ei.sequence" version="1.0.0" type="synapse/sequence" serverRole="EnterpriseServiceBus">
        <file>src/main/synapse-config/sequences/GISCIM_EliminarUsuario_Seq.xml</file>
    </artifact>
    <artifact name="GICorreo_Seq" groupId="com.pichincha.wso2.ei.sequence" version="1.0.0" type="synapse/sequence" serverRole="EnterpriseServiceBus">
        <file>src/main/synapse-config/sequences/GICorreo_Seq.xml</file>
    </artifact>
    <artifact name="GIRequerimientos_Seq" groupId="com.pichincha.wso2.ei.sequence" version="1.0.0" type="synapse/sequence" serverRole="EnterpriseServiceBus">
        <file>src/main/synapse-config/sequences/GIRequerimientos_Seq.xml</file>
    </artifact>
    <artifact name="GIGeneric_Store" groupId="com.pichincha.wso2.ei.message-store" version="1.0.0" type="synapse/message-store" serverRole="EnterpriseServiceBus">
        <file>src/main/synapse-config/message-stores/GIGeneric_Store.xml</file>
    </artifact>
    <artifact name="GIGeneric_Processor" groupId="com.pichincha.wso2.ei.message-processors" version="1.0.0" type="synapse/message-processors" serverRole="EnterpriseServiceBus">
        <file>src/main/synapse-config/message-processors/GIGeneric_Processor.xml</file>
    </artifact>
    <artifact name="GIConsulta_Genera_Ticket_Seq" groupId="com.pichincha.wso2.ei.sequence" version="1.0.0" type="synapse/sequence" serverRole="EnterpriseServiceBus">
        <file>src/main/synapse-config/sequences/GIConsulta_Genera_Ticket_Seq.xml</file>
    </artifact>
    <artifact name="GISCIM_Mapping_BANCS_Seq" groupId="com.pichincha.wso2.ei.sequence" version="1.0.0" type="synapse/sequence" serverRole="EnterpriseServiceBus">
        <file>src/main/synapse-config/sequences/GISCIM_Mapping_BANCS_Seq.xml</file>
    </artifact>
    <artifact name="GISCIM_Mapping_PPRD_Seq" groupId="com.pichincha.wso2.ei.sequence" version="1.0.0" type="synapse/sequence" serverRole="EnterpriseServiceBus">
        <file>src/main/synapse-config/sequences/GISCIM_Mapping_PPRD_Seq.xml</file>
    </artifact>
    <artifact name="GISCIM_Mapping_LOGICIEL_Seq" groupId="com.pichincha.wso2.ei.sequence" version="1.0.0" type="synapse/sequence" serverRole="EnterpriseServiceBus">
        <file>src/main/synapse-config/sequences/GISCIM_Mapping_LOGICIEL_Seq.xml</file>
    </artifact>
    <artifact name="GISCIM_Mapping_RHDS_CrearUsuario_Seq" groupId="com.pichincha.wso2.ei.sequence" version="1.0.0" type="synapse/sequence" serverRole="EnterpriseServiceBus">
        <file>src/main/synapse-config/sequences/GISCIM_Mapping_RHDS_CrearUsuario_Seq.xml</file>
    </artifact>
    <artifact name="GIHandle_Runtime_Error_Seq" groupId="com.pichincha.wso2.ei.sequence" version="1.0.0" type="synapse/sequence" serverRole="EnterpriseServiceBus">
        <file>src/main/synapse-config/sequences/GIHandle_Runtime_Error_Seq.xml</file>
    </artifact>
    <artifact name="GISCIM_Mapping_AD_CrearUsuario_Seq" groupId="com.pichincha.wso2.ei.sequence" version="1.0.0" type="synapse/sequence" serverRole="EnterpriseServiceBus">
        <file>src/main/synapse-config/sequences/GISCIM_Mapping_AD_CrearUsuario_Seq.xml</file>
    </artifact>
    <artifact name="GIHelpDesk_CreateTicket_Seq" groupId="com.pichincha.wso2.ei.sequence" version="1.0.0" type="synapse/sequence" serverRole="EnterpriseServiceBus">
        <file>src/main/synapse-config/sequences/GIHelpDesk_CreateTicket_Seq.xml</file>
    </artifact>
    <artifact name="GIHelpDesk_UpdateTicket_Seq" groupId="com.pichincha.wso2.ei.sequence" version="1.0.0" type="synapse/sequence" serverRole="EnterpriseServiceBus">
        <file>src/main/synapse-config/sequences/GIHelpDesk_UpdateTicket_Seq.xml</file>
    </artifact>
    <artifact name="GIDecrypt_Seq" groupId="com.pichincha.wso2.ei.sequence" version="1.0.0" type="synapse/sequence" serverRole="EnterpriseServiceBus">
        <file>src/main/synapse-config/sequences/GIDecrypt_Seq.xml</file>
    </artifact>
    <artifact name="GIMailbox_Seq" groupId="com.pichincha.wso2.ei.sequence" version="1.0.0" type="synapse/sequence" serverRole="EnterpriseServiceBus">
        <file>src/main/synapse-config/sequences/GIMailbox_Seq.xml</file>
    </artifact>
    <artifact name="GIMailbox_API_Seq" groupId="com.pichincha.wso2.ei.sequence" version="1.0.0" type="synapse/sequence" serverRole="EnterpriseServiceBus">
        <file>src/main/synapse-config/sequences/GIMailbox_API_Seq.xml</file>
    </artifact>
    <artifact name="GIHelpDesk_API_Seq" groupId="com.pichincha.wso2.ei.sequence" version="1.0.0" type="synapse/sequence" serverRole="EnterpriseServiceBus">
        <file>src/main/synapse-config/sequences/GIHelpDesk_API_Seq.xml</file>
    </artifact>
    <artifact name="GIRemove_Password_Seq" groupId="com.pichincha.wso2.ei.sequence" version="1.0.0" type="synapse/sequence" serverRole="EnterpriseServiceBus">
        <file>src/main/synapse-config/sequences/GIRemove_Password_Seq.xml</file>
    </artifact>
    <artifact name="GISCIM_Mapping_AD_ModificarUsuario_Seq" groupId="com.pichincha.wso2.ei.sequence" version="1.0.0" type="synapse/sequence" serverRole="EnterpriseServiceBus">
        <file>src/main/synapse-config/sequences/GISCIM_Mapping_AD_ModificarUsuario_Seq.xml</file>
    </artifact>
    <artifact name="GISCIM_Mapping_RHDS_ModificarUsuario_Seq" groupId="com.pichincha.wso2.ei.sequence" version="1.0.0" type="synapse/sequence" serverRole="EnterpriseServiceBus">
        <file>src/main/synapse-config/sequences/GISCIM_Mapping_RHDS_ModificarUsuario_Seq.xml</file>
    </artifact>
    <artifact name="GIHelpDesk_TicketPayload_Seq" groupId="com.pichincha.wso2.ei.sequence" version="1.0.0" type="synapse/sequence" serverRole="EnterpriseServiceBus">
        <file>src/main/synapse-config/sequences/GIHelpDesk_TicketPayload_Seq.xml</file>
    </artifact>
    <artifact name="GISCIM_RHDS_Assign_Role_Seq" groupId="com.pichincha.wso2.ei.sequence" version="1.0.0" type="synapse/sequence" serverRole="EnterpriseServiceBus">
        <file>src/main/synapse-config/sequences/GISCIM_RHDS_Assign_Role_Seq.xml</file>
    </artifact>
    <artifact name="GISCIM_AD_Assign_Role_Seq" groupId="com.pichincha.wso2.ei.sequence" version="1.0.0" type="synapse/sequence" serverRole="EnterpriseServiceBus">
        <file>src/main/synapse-config/sequences/GISCIM_AD_Assign_Role_Seq.xml</file>
    </artifact>
    <artifact name="GIGetRoleNames_Seq" groupId="com.pichincha.wso2.ei.sequence" version="1.0.0" type="synapse/sequence" serverRole="EnterpriseServiceBus">
        <file>src/main/synapse-config/sequences/GIGetRoleNames_Seq.xml</file>
    </artifact>
    <artifact name="GIUpdateRoleListOfUser_Seq" groupId="com.pichincha.wso2.ei.sequence" version="1.0.0" type="synapse/sequence" serverRole="EnterpriseServiceBus">
        <file>src/main/synapse-config/sequences/GIUpdateRoleListOfUser_Seq.xml</file>
    </artifact>
    <artifact name="GITareas_Retry_Seq" groupId="com.pichincha.wso2.ei.sequence" version="1.0.0" type="synapse/sequence" serverRole="EnterpriseServiceBus">
        <file>src/main/synapse-config/sequences/GITareas_Retry_Seq.xml</file>
    </artifact>
    <artifact name="WebServiceGeneric_asmx" groupId="com.pichincha.wso2.ei.local-entry" version="1.0.0" type="synapse/local-entry" serverRole="EnterpriseServiceBus">
        <file>src/main/synapse-config/local-entries/WebServiceGeneric_asmx.xml</file>
    </artifact>
    <artifact name="GIDss_Splitter_Error_Seq" groupId="com.pichincha.wso2.ei.sequence" version="1.0.0" type="synapse/sequence" serverRole="EnterpriseServiceBus">
        <file>src/main/synapse-config/sequences/GIDss_Splitter_Error_Seq.xml</file>
    </artifact>
    <artifact name="GIDss_Splitter_RecordProcess_Seq" groupId="com.pichincha.wso2.ei.sequence" version="1.0.0" type="synapse/sequence" serverRole="EnterpriseServiceBus">
        <file>src/main/synapse-config/sequences/GIDss_Splitter_RecordProcess_Seq.xml</file>
    </artifact>
    <artifact name="GIGeneric_MessageProcessor_Fault_Seq" groupId="com.pichincha.wso2.ei.sequence" version="1.0.0" type="synapse/sequence" serverRole="EnterpriseServiceBus">
        <file>src/main/synapse-config/sequences/GIGeneric_MessageProcessor_Fault_Seq.xml</file>
    </artifact>
    <artifact name="GIGeneric_MessageProcessor_Reply_Seq" groupId="com.pichincha.wso2.ei.sequence" version="1.0.0" type="synapse/sequence" serverRole="EnterpriseServiceBus">
        <file>src/main/synapse-config/sequences/GIGeneric_MessageProcessor_Reply_Seq.xml</file>
    </artifact>
    <artifact name="GIUpdate_Reproceso_Seq" groupId="com.pichincha.wso2.ei.sequence" version="1.0.0" type="synapse/sequence" serverRole="EnterpriseServiceBus">
        <file>src/main/synapse-config/sequences/GIUpdate_Reproceso_Seq.xml</file>
    </artifact>
</artifacts>
