<?xml version="1.0" encoding="UTF-8"?>
<localEntry key="WebServiceGeneric_asmx" xmlns="http://ws.apache.org/ns/synapse">
    <wsdl:definitions targetNamespace="http://tempuri.org/" xmlns:http="http://schemas.xmlsoap.org/wsdl/http/" xmlns:mime="http://schemas.xmlsoap.org/wsdl/mime/" xmlns:s="http://www.w3.org/2001/XMLSchema" xmlns:soap="http://schemas.xmlsoap.org/wsdl/soap/" xmlns:soap12="http://schemas.xmlsoap.org/wsdl/soap12/" xmlns:soapenc="http://schemas.xmlsoap.org/soap/encoding/" xmlns:tm="http://microsoft.com/wsdl/mime/textMatching/" xmlns:tns="http://tempuri.org/" xmlns:wsdl="http://schemas.xmlsoap.org/wsdl/">
        <wsdl:types>
            <s:schema elementFormDefault="qualified" targetNamespace="http://tempuri.org/">
                <s:element name="crearUsuario">
                    <s:complexType>
                        <s:sequence>
                            <s:element maxOccurs="1" minOccurs="1" name="guid" type="s:string"/>
                            <s:element maxOccurs="1" minOccurs="1" name="uuid" type="s:string"/>
                            <s:element maxOccurs="1" minOccurs="1" name="aplicacion" type="s:string"/>
                            <s:element maxOccurs="1" minOccurs="1" name="correoElectronico" type="s:string"/>
                            <s:element maxOccurs="1" minOccurs="1" name="tellerName" type="s:string"/>
                            <s:element maxOccurs="1" minOccurs="0" name="tellerNumber" type="s:string"/>
                            <s:element maxOccurs="1" minOccurs="1" name="nombreUsuario" type="s:string"/>
                            <s:element maxOccurs="1" minOccurs="1" name="tipoIdentificacion" type="s:string"/>
                            <s:element maxOccurs="1" minOccurs="1" name="empresa" type="s:string"/>
                            <s:element maxOccurs="1" minOccurs="1" name="observacion" type="s:string"/>
                            <s:element maxOccurs="1" minOccurs="1" name="cargo" type="s:string"/>
                            <s:element maxOccurs="1" minOccurs="1" name="cargoCompleto" type="s:string"/>
                            <s:element maxOccurs="1" minOccurs="1" name="codigoCentroCosto" type="s:string"/>
                            <s:element maxOccurs="1" minOccurs="1" name="identificacion" type="s:string"/>
                            <s:element maxOccurs="1" minOccurs="1" name="celular" type="s:string"/>
                            <s:element maxOccurs="1" minOccurs="1" name="terminal" type="s:string"/>
                            <s:element maxOccurs="1" minOccurs="1" name="nombresEmpleado" type="s:string"/>
                            <s:element maxOccurs="1" minOccurs="0" name="apellidosEmpleado" type="s:string"/>
                            <s:element maxOccurs="1" minOccurs="0" name="codigoCompania" type="s:string"/>
                            <s:element maxOccurs="1" minOccurs="0" name="fechaSalidaEmpleado" type="s:string"/>
                            <s:element maxOccurs="1" minOccurs="0" name="fechaIngresoEmpleado" type="s:string"/>
                            <s:element maxOccurs="1" minOccurs="0" name="nombreCompania" type="s:string"/>
                            <s:element maxOccurs="1" minOccurs="0" name="estadoEmpleado" type="s:string"/>
                            <s:element maxOccurs="1" minOccurs="0" name="claveAcceso" type="s:string"/>
                            <s:element maxOccurs="1" minOccurs="0" name="ipclient" type="s:string"/>
                            <s:element maxOccurs="1" minOccurs="0" name="usuarioAplicacion" type="s:string"/>
                            <s:element maxOccurs="1" minOccurs="0" name="nombreDivision" type="s:string"/>
                            <s:element maxOccurs="1" minOccurs="0" name="nombreArea" type="s:string"/>
                            <s:element maxOccurs="1" minOccurs="0" name="nombrePerfil" type="s:string"/>
                            <s:element maxOccurs="1" minOccurs="0" name="nombreDepartamento" type="s:string"/>
                            <s:element maxOccurs="1" minOccurs="1" name="especificos" type="tns:especificosType"/>
                        </s:sequence>
                    </s:complexType>
                </s:element>
                <s:element name="crearUsuarioResponse">
                    <s:complexType>
                        <s:sequence>
                            <s:element maxOccurs="1" minOccurs="0" name="tellerNo" type="s:string"/>
                            <s:element maxOccurs="1" minOccurs="0" name="crearUsuarioResult" type="tns:error"/>
                        </s:sequence>
                    </s:complexType>
                </s:element>
                <s:element name="modificarUsuario">
                    <s:complexType>
                        <s:sequence>
                            <s:element maxOccurs="1" minOccurs="1" name="guid" type="s:string"/>
                            <s:element maxOccurs="1" minOccurs="1" name="uuid" type="s:string"/>
                            <s:element maxOccurs="1" minOccurs="1" name="aplicacion" type="s:string"/>
                            <s:element maxOccurs="1" minOccurs="1" name="correoElectronico" type="s:string"/>
                            <s:element maxOccurs="1" minOccurs="1" name="tellerName" type="s:string"/>
                            <s:element maxOccurs="1" minOccurs="0" name="tellerNumber" type="s:string"/>
                            <s:element maxOccurs="1" minOccurs="1" name="nombreUsuario" type="s:string"/>
                            <s:element maxOccurs="1" minOccurs="1" name="tipoIdentificacion" type="s:string"/>
                            <s:element maxOccurs="1" minOccurs="1" name="empresa" type="s:string"/>
                            <s:element maxOccurs="1" minOccurs="1" name="observacion" type="s:string"/>
                            <s:element maxOccurs="1" minOccurs="1" name="cargo" type="s:string"/>
                            <s:element maxOccurs="1" minOccurs="1" name="codigoCentroCosto" type="s:string"/>
                            <s:element maxOccurs="1" minOccurs="1" name="identificacion" type="s:string"/>
                            <s:element maxOccurs="1" minOccurs="1" name="celular" type="s:string"/>
                            <s:element maxOccurs="1" minOccurs="1" name="terminal" type="s:string"/>
                            <s:element maxOccurs="1" minOccurs="1" name="nombresEmpleado" type="s:string"/>
                            <s:element maxOccurs="1" minOccurs="0" name="apellidosEmpleado" type="s:string"/>
                            <s:element maxOccurs="1" minOccurs="0" name="codigoCompania" type="s:string"/>
                            <s:element maxOccurs="1" minOccurs="0" name="fechaSalidaEmpleado" type="s:string"/>
                            <s:element maxOccurs="1" minOccurs="0" name="fechaIngresoEmpleado" type="s:string"/>
                            <s:element maxOccurs="1" minOccurs="0" name="nombreCompania" type="s:string"/>
                            <s:element maxOccurs="1" minOccurs="0" name="estadoEmpleado" type="s:string"/>
                            <s:element maxOccurs="1" minOccurs="0" name="claveAcceso" type="s:string"/>
                            <s:element maxOccurs="1" minOccurs="0" name="ipclient" type="s:string"/>
                            <s:element maxOccurs="1" minOccurs="0" name="usuarioAplicacion" type="s:string"/>
                            <s:element maxOccurs="1" minOccurs="0" name="nombreDivision" type="s:string"/>
                            <s:element maxOccurs="1" minOccurs="0" name="nombreArea" type="s:string"/>
                            <s:element maxOccurs="1" minOccurs="0" name="nombrePerfil" type="s:string"/>
                            <s:element maxOccurs="1" minOccurs="0" name="nombreDepartamento" type="s:string"/>
                            <s:element maxOccurs="1" minOccurs="1" name="especificos" type="tns:especificosType"/>
                        </s:sequence>
                    </s:complexType>
                </s:element>
                <s:element name="modificarUsuarioResponse">
                    <s:complexType>
                        <s:sequence>
                            <s:element maxOccurs="1" minOccurs="0" name="tellerNo" type="s:string"/>
                            <s:element maxOccurs="1" minOccurs="0" name="modificarUsuarioResult" type="tns:error"/>
                        </s:sequence>
                    </s:complexType>
                </s:element>
                <s:element name="eliminarUsuario">
                    <s:complexType>
                        <s:sequence>
                            <s:element maxOccurs="1" minOccurs="0" name="guid" type="s:string"/>
                            <s:element maxOccurs="1" minOccurs="0" name="uuid" type="s:string"/>
                            <s:element maxOccurs="1" minOccurs="0" name="tellerName" type="s:string"/>
                            <s:element maxOccurs="1" minOccurs="0" name="tellerNumber" type="s:string"/>
                            <s:element maxOccurs="1" minOccurs="0" name="aplicacion" type="s:string"/>
                        </s:sequence>
                    </s:complexType>
                </s:element>
                <s:element name="eliminarUsuarioResponse">
                    <s:complexType>
                        <s:sequence>
                            <s:element maxOccurs="1" minOccurs="0" name="EliminarUsuarioResult" type="tns:error"/>
                        </s:sequence>
                    </s:complexType>
                </s:element>
                <s:element name="consultarUsuario">
                    <s:complexType>
                        <s:sequence>
                            <s:element maxOccurs="1" minOccurs="0" name="guid" type="s:string"/>
                            <s:element maxOccurs="1" minOccurs="0" name="uuid" type="s:string"/>
                            <s:element maxOccurs="1" minOccurs="0" name="tellerName" type="s:string"/>
                            <s:element maxOccurs="1" minOccurs="0" name="aplicacion" type="s:string"/>
                        </s:sequence>
                    </s:complexType>
                </s:element>
                <s:element name="consultarUsuarioResponse">
                    <s:complexType>
                        <s:sequence>
                            <s:element maxOccurs="1" minOccurs="0" name="consultarUsuarioResult" type="tns:usuarioType"/>
                        </s:sequence>
                    </s:complexType>
                </s:element>
                <s:element name="crearRequerimientos">
                    <s:complexType>
                        <s:sequence>
                            <s:element maxOccurs="unbounded" minOccurs="1" name="crearRequerimiento" type="tns:manualesType"/>
                        </s:sequence>
                    </s:complexType>
                </s:element>
                <s:element name="crearRequerimientosResponse">
                    <s:complexType>
                        <s:sequence>
                            <s:element maxOccurs="1" minOccurs="0" name="crearRequerimientosResult" type="tns:error"/>
                        </s:sequence>
                    </s:complexType>
                </s:element>
                <s:element name="crearTicket">
                    <s:complexType>
                        <s:sequence>
                            <s:element maxOccurs="1" minOccurs="1" name="guid" type="s:string"/>
                            <s:element maxOccurs="1" minOccurs="1" name="uuid" type="s:string"/>
                            <s:element maxOccurs="1" minOccurs="1" name="aplicacion" type="s:string"/>
                            <s:element maxOccurs="1" minOccurs="1" name="correoElectronico" type="s:string"/>
                            <s:element maxOccurs="1" minOccurs="1" name="tellerName" type="s:string"/>
                            <s:element maxOccurs="1" minOccurs="0" name="tellerNumber" type="s:string"/>
                            <s:element maxOccurs="1" minOccurs="1" name="nombreUsuario" type="s:string"/>
                            <s:element maxOccurs="1" minOccurs="1" name="tipoIdentificacion" type="s:string"/>
                            <s:element maxOccurs="1" minOccurs="1" name="empresa" type="s:string"/>
                            <s:element maxOccurs="1" minOccurs="1" name="observacion" type="s:string"/>
                            <s:element maxOccurs="1" minOccurs="1" name="cargo" type="s:string"/>
                            <s:element maxOccurs="1" minOccurs="1" name="cargoCompleto" type="s:string"/>
                            <s:element maxOccurs="1" minOccurs="1" name="codigoCentroCosto" type="s:string"/>
                            <s:element maxOccurs="1" minOccurs="1" name="identificacion" type="s:string"/>
                            <s:element maxOccurs="1" minOccurs="1" name="celular" type="s:string"/>
                            <s:element maxOccurs="1" minOccurs="1" name="terminal" type="s:string"/>
                            <s:element maxOccurs="1" minOccurs="1" name="nombresEmpleado" type="s:string"/>
                            <s:element maxOccurs="1" minOccurs="0" name="apellidosEmpleado" type="s:string"/>
                            <s:element maxOccurs="1" minOccurs="0" name="codigoCompania" type="s:string"/>
                            <s:element maxOccurs="1" minOccurs="0" name="fechaSalidaEmpleado" type="s:string"/>
                            <s:element maxOccurs="1" minOccurs="0" name="fechaIngresoEmpleado" type="s:string"/>
                            <s:element maxOccurs="1" minOccurs="0" name="nombreCompania" type="s:string"/>
                            <s:element maxOccurs="1" minOccurs="0" name="estadoEmpleado" type="s:string"/>
                            <s:element maxOccurs="1" minOccurs="0" name="claveAcceso" type="s:string"/>
                            <s:element maxOccurs="1" minOccurs="0" name="ipclient" type="s:string"/>
                            <s:element maxOccurs="1" minOccurs="0" name="usuarioAplicacion" type="s:string"/>
                            <s:element maxOccurs="1" minOccurs="0" name="nombreDivision" type="s:string"/>
                            <s:element maxOccurs="1" minOccurs="0" name="nombreArea" type="s:string"/>
                            <s:element maxOccurs="1" minOccurs="0" name="nombrePerfil" type="s:string"/>
                            <s:element maxOccurs="1" minOccurs="0" name="nombreDepartamento" type="s:string"/>
                            <s:element maxOccurs="1" minOccurs="1" name="especificos" type="tns:especificosType"/>
                        </s:sequence>
                    </s:complexType>
                </s:element>
                <s:element name="crearTicketResponse">
                    <s:complexType>
                        <s:sequence>
                            <s:element maxOccurs="1" minOccurs="0" name="crearTicketResult" type="tns:error"/>
                        </s:sequence>
                    </s:complexType>
                </s:element>
                <s:complexType name="error">
                    <s:sequence>
                        <s:element maxOccurs="1" minOccurs="0" name="codigoError" type="s:string"/>
                        <s:element maxOccurs="1" minOccurs="0" name="descripcionError" type="s:string"/>
                    </s:sequence>
                </s:complexType>
                <s:complexType name="especificosType">
                    <s:sequence>
                        <!-- BANCS -->
                        <s:element default="Only for BANCS" maxOccurs="1" minOccurs="0" name="grupoTransaccion" type="s:string"/>
                        <s:element default="Only for BANCS" maxOccurs="1" minOccurs="0" name="nivelCapacidad" type="s:string"/>
                        <s:element default="Only for BANCS" maxOccurs="1" minOccurs="0" name="nivelCorreo" type="s:string"/>
                        <s:element default="Only for BANCS" maxOccurs="1" minOccurs="0" name="userType" type="s:string"/>
                        <s:element default="Only for BANCS" maxOccurs="1" minOccurs="0" name="chngBranchAlwd" type="s:string"/>
                        <s:element default="Only for BANCS" maxOccurs="1" minOccurs="0" name="brchSup" type="s:string"/>
                        <s:element default="Only for BANCS" maxOccurs="1" minOccurs="0" name="atmFlag" type="s:string"/>
                        <s:element default="Only for BANCS" maxOccurs="1" minOccurs="0" name="accsignMod" type="s:string"/>
                        <s:element default="Only for BANCS" maxOccurs="1" minOccurs="0" name="casualApprovallim" type="s:string"/>
                        <s:element default="Only for BANCS" maxOccurs="1" minOccurs="0" name="nivelSeguridad" type="s:string"/>
                        <s:element default="Only for BANCS" maxOccurs="1" minOccurs="0" name="estadoUsuario" type="s:string"/>
                        <!-- PPRD -->
                        <s:element default="Only for PPRD" maxOccurs="1" minOccurs="0" name="perfilUsuario" type="s:string"/>
                        <s:element default="Only for PPRD" maxOccurs="1" minOccurs="0" name="loginUsuario" type="s:string"/>
                        <s:element default="Only for PPRD" maxOccurs="1" minOccurs="0" name="usuarioInterno" type="s:string"/>
                        <!-- LOGICIEL -->
                        <s:element default="Only for LOGICIEL" maxOccurs="1" minOccurs="0" name="interno" type="s:string"/>
                        <s:element default="Only for LOGICIEL" maxOccurs="1" minOccurs="0" name="enviarMail" type="s:string"/>
                        <s:element default="Only for LOGICIEL" maxOccurs="1" minOccurs="0" name="cambioPwdInicial" type="s:string"/>
                        <s:element default="Only for LOGICIEL" maxOccurs="1" minOccurs="0" name="codigoTipoUsuario" type="s:string"/>
                        <s:element default="Only for LOGICIEL" maxOccurs="1" minOccurs="0" name="codigoRol" type="s:string"/>
                        <s:element default="Only for LOGICIEL" maxOccurs="1" minOccurs="0" name="codigoHorario" type="s:string"/>
                        <s:element default="Only for LOGICIEL" maxOccurs="1" minOccurs="0" name="loginSupervisor" type="s:string"/>
                        <s:element default="Only for LOGICIEL" maxOccurs="1" minOccurs="0" name="codigoAgenciaDefault" type="s:string"/>
                        <s:element default="Only for LOGICIEL" maxOccurs="1" minOccurs="0" name="validarAtributosPerfil" type="s:string"/>
                        <s:element default="Only for LOGICIEL" maxOccurs="1" minOccurs="0" name="codigoAtributo" type="s:string"/>
                        <s:element default="Only for LOGICIEL" maxOccurs="1" minOccurs="0" name="codigoEstado" type="s:string"/>
                        <s:element default="Only for LOGICIEL" maxOccurs="1" minOccurs="0" name="perfilAplicacionDefault" type="s:string"/>
                        <s:element default="Only for LOGICIEL" maxOccurs="1" minOccurs="0" name="perfilesAplicacionTemporal" type="s:string"/>
                        <s:element default="Only for LOGICIEL" maxOccurs="1" minOccurs="0" name="agenciasPermanentesUsuario" type="s:string"/>
                        <s:element default="Only for LOGICIEL" maxOccurs="1" minOccurs="0" name="agenciasTemporalesUsuario" type="s:string"/>
                        <s:element default="Only for LOGICIEL" maxOccurs="1" minOccurs="0" name="atributoPerfilAplicacionDefault" type="s:string"/>
                        <s:element default="Only for LOGICIEL" maxOccurs="1" minOccurs="0" name="atributoPerfilesAplicacionTemporal" type="s:string"/>
                        <s:element default="Only for LOGICIEL" maxOccurs="1" minOccurs="0" name="atributoUsuario" type="s:string"/>
                        <!-- RHDS -->
                        <s:element default="Only for RHDS" maxOccurs="1" minOccurs="1" name="role" type="s:string"/>
                        <s:element default="Only for RHDS" maxOccurs="1" minOccurs="1" name="rol" type="s:string"/>
                        <s:element default="Only for RHDS" maxOccurs="1" minOccurs="1" name="branch" type="s:string"/>
                        <s:element default="Only for RHDS" maxOccurs="1" minOccurs="1" name="termNo" type="s:string"/>
                        <!-- MANUAL REQUIREMENTS -->
                        <s:element default="Only for Requerimientos Manuales" minOccurs="0" name="RequestedFor" type="s:string"/>
                        <s:element default="Only for Requerimientos Manuales" minOccurs="0" name="RequestorName" type="s:string"/>
                        <s:element default="Only for Requerimientos Manuales" minOccurs="0" name="Category" type="s:string"/>
                        <s:element default="Only for Requerimientos Manuales" minOccurs="0" name="Subcategory" type="s:string"/>
                        <s:element default="Only for Requerimientos Manuales" minOccurs="0" name="Model" type="s:string"/>
                        <s:element default="Only for Requerimientos Manuales" minOccurs="0" name="AssignedGroup" type="s:string"/>
                        <s:element default="Only for Requerimientos Manuales" minOccurs="0" name="BriefDescription" type="s:string"/>
                        <s:element default="Only for Requerimientos Manuales" minOccurs="0" name="Description" type="s:string"/>
                        <s:element default="Only for Requerimientos Manuales" minOccurs="0" name="Status" type="s:string"/>
                        <s:element default="Only for Requerimientos Manuales" minOccurs="0" name="ApprovalStatus" type="s:string"/>
                        <s:element default="Only for Requerimientos Manuales" minOccurs="0" name="CurrentPhase" type="s:string"/>
                        <s:element default="Only for Requerimientos Manuales" minOccurs="0" name="AgreementIds" type="s:string"/>
                        <!-- AD -->
                        <s:element default="1" minOccurs="0" name="mailbox" type="s:string"/>
                        <s:element default="1" minOccurs="0" name="tier" type="s:string"/>
                        <s:element default="1" minOccurs="0" name="Employeeid" type="s:string"/>
                        <s:element default="Sr" minOccurs="0" name="title" type="s:string"/>
                        <s:element default="943-555-1234" minOccurs="0" name="pager" type="s:string"/>
                        <s:element default="SMTP:newb@contoso.com" minOccurs="0" name="proxyAddresses" type="s:string"/>
                        <s:element default="web" minOccurs="0" name="mailNickname" type="s:string"/>
                        <s:element default="0x0010" minOccurs="0" name="msDS-User-Account-Control-Computed" type="s:string"/>
                        <s:element default="0x0200" minOccurs="0" name="userAccountControl" type="s:string"/>
                        <s:element default="OFFICE" minOccurs="0" name="physicalDeliveryOfficeName" type="s:string"/>
                        <s:element default="home" minOccurs="0" name="postOfficeBox" type="s:string"/>
                        <s:element default="Quito" minOccurs="0" name="city" type="s:string"/>
                        <s:element default="CN=Managers,OU=Sales,DC=Domain,DC=Com" minOccurs="0" name="memberOf" type="s:string"/>
                        <s:element default="C:\\" minOccurs="0" name="msTSHomeDrive" type="s:string"/>
                        <s:element default="C:\\" minOccurs="0" name="msTSHomeDirectory" type="s:string"/>
                        <s:element default="TRUE" minOccurs="0" name="msTSAllowLogon" type="s:string"/>
                        <s:element default="TRUE" minOccurs="0" name="msTSConnectClientDrives" type="s:string"/>
                        <s:element default="TRUE" minOccurs="0" name="msTSConnectPrinterDrives" type="s:string"/>
                        <s:element default="TRUE" minOccurs="0" name="msTSDefaultToMainPrinter" type="s:string"/>
                        <s:element default="TRUE" minOccurs="0" name="ms-Exch-SIP-Access-Service" type="s:string"/>
                        <s:element default="TRUE" minOccurs="0" name="containerInfo" type="s:string"/>
                        <s:element default="132326600227017161" minOccurs="0" name="pwdLastSet" type="s:string"/>
                        <s:element default="Only for AD" minOccurs="0" name="comment" type="s:string"/>
                        <s:element default="Only for AD" minOccurs="0" name="street" type="s:string"/>
                        <s:element default="Only for AD" minOccurs="0" name="labeledURI" type="s:string"/>
                        <s:element default="Only for AD" minOccurs="0" name="department" type="s:string"/>
                        <s:element default="Only for AD" minOccurs="0" name="telephoneNumber" type="s:string"/>
                        <s:element default="Only for AD" minOccurs="0" name="webPage" type="s:string"/>
                        <s:element default="Only for AD" minOccurs="0" name="domain" type="s:string"/>
                        <!-- Ticket -->
                        <s:element default="Only for Incident Ticket" minOccurs="0" name="ERROR" type="s:string"/>
                    </s:sequence>
                </s:complexType>
                <s:complexType name="usuarioType">
                    <s:sequence>
                        <s:any minOccurs="1"/>
                    </s:sequence>
                </s:complexType>
                <s:complexType name="manualesType">
                    <s:sequence>
                        <s:element maxOccurs="1" minOccurs="1" name="guid" type="s:string"/>
                        <s:element maxOccurs="1" minOccurs="1" name="uuid" type="s:string"/>
                        <s:element maxOccurs="1" minOccurs="1" name="aplicacion" type="s:string"/>
                        <s:element maxOccurs="1" minOccurs="1" name="correoElectronico" type="s:string"/>
                        <s:element maxOccurs="1" minOccurs="1" name="tellerName" type="s:string"/>
                        <s:element maxOccurs="1" minOccurs="0" name="tellerNumber" type="s:string"/>
                        <s:element maxOccurs="1" minOccurs="1" name="nombreUsuario" type="s:string"/>
                        <s:element maxOccurs="1" minOccurs="1" name="tipoIdentificacion" type="s:string"/>
                        <s:element maxOccurs="1" minOccurs="1" name="empresa" type="s:string"/>
                        <s:element maxOccurs="1" minOccurs="1" name="observacion" type="s:string"/>
                        <s:element maxOccurs="1" minOccurs="1" name="cargo" type="s:string"/>
                        <s:element maxOccurs="1" minOccurs="1" name="codigoCentroCosto" type="s:string"/>
                        <s:element maxOccurs="1" minOccurs="1" name="identificacion" type="s:string"/>
                        <s:element maxOccurs="1" minOccurs="1" name="celular" type="s:string"/>
                        <s:element maxOccurs="1" minOccurs="1" name="terminal" type="s:string"/>
                        <s:element maxOccurs="1" minOccurs="1" name="nombresEmpleado" type="s:string"/>
                        <s:element maxOccurs="1" minOccurs="0" name="apellidosEmpleado" type="s:string"/>
                        <s:element maxOccurs="1" minOccurs="0" name="codigoCompania" type="s:string"/>
                        <s:element maxOccurs="1" minOccurs="0" name="fechaSalidaEmpleado" type="s:string"/>
                        <s:element maxOccurs="1" minOccurs="0" name="fechaIngresoEmpleado" type="s:string"/>
                        <s:element maxOccurs="1" minOccurs="0" name="nombreCompania" type="s:string"/>
                        <s:element maxOccurs="1" minOccurs="0" name="nombreDivision" type="s:string"/>
                        <s:element maxOccurs="1" minOccurs="0" name="nombreArea" type="s:string"/>
                        <s:element maxOccurs="1" minOccurs="0" name="nombrePerfil" type="s:string"/>
                        <s:element maxOccurs="1" minOccurs="0" name="nombreDepartamento" type="s:string"/>
                        <s:element maxOccurs="1" minOccurs="0" name="estadoEmpleado" type="s:string"/>
                        <s:element maxOccurs="1" minOccurs="0" name="claveAcceso" type="s:string"/>
                        <s:element maxOccurs="1" minOccurs="0" name="accion" type="s:string"/>
                        <s:element maxOccurs="1" minOccurs="0" name="origen" type="s:string"/>
                        <s:element maxOccurs="1" minOccurs="0" name="usuarioAplicacion" type="s:string"/>
                        <s:element maxOccurs="1" minOccurs="0" name="ambiente" type="s:string"/>
                        <s:element maxOccurs="1" minOccurs="0" name="perfilGlobal" type="s:string"/>
                        <s:element maxOccurs="1" minOccurs="1" name="especificos" type="tns:especificosType"/>
                    </s:sequence>
                </s:complexType>
            </s:schema>
        </wsdl:types>
        <wsdl:message name="crearUsuarioSoapIn">
            <wsdl:part element="tns:crearUsuario" name="parameters"/>
        </wsdl:message>
        <wsdl:message name="crearUsuarioSoapOut">
            <wsdl:part element="tns:crearUsuarioResponse" name="parameters"/>
        </wsdl:message>
        <wsdl:message name="modificarUsuarioSoapIn">
            <wsdl:part element="tns:modificarUsuario" name="parameters"/>
        </wsdl:message>
        <wsdl:message name="modificarUsuarioSoapOut">
            <wsdl:part element="tns:modificarUsuarioResponse" name="parameters"/>
        </wsdl:message>
        <wsdl:message name="eliminarUsuarioSoapIn">
            <wsdl:part element="tns:eliminarUsuario" name="parameters"/>
        </wsdl:message>
        <wsdl:message name="eliminarUsuarioSoapOut">
            <wsdl:part element="tns:eliminarUsuarioResponse" name="parameters"/>
        </wsdl:message>
        <wsdl:message name="consultarUsuarioSoapIn">
            <wsdl:part element="tns:consultarUsuario" name="parameters"/>
        </wsdl:message>
        <wsdl:message name="consultarUsuarioSoapOut">
            <wsdl:part element="tns:consultarUsuarioResponse" name="parameters"/>
        </wsdl:message>
        <wsdl:message name="crearRequerimientosSoapIn">
            <wsdl:part element="tns:crearRequerimientos" name="parameters"/>
        </wsdl:message>
        <wsdl:message name="crearRequerimientosSoapOut">
            <wsdl:part element="tns:crearRequerimientosResponse" name="parameters"/>
        </wsdl:message>
        <wsdl:message name="crearTicketSoapIn">
            <wsdl:part element="tns:crearTicket" name="parameters"/>
        </wsdl:message>
        <wsdl:message name="crearTicketSoapOut">
            <wsdl:part element="tns:crearTicketResponse" name="parameters"/>
        </wsdl:message>
        <wsdl:portType name="WebServiceGenericSoap">
            <wsdl:operation name="crearUsuario">
                <wsdl:input message="tns:crearUsuarioSoapIn"/>
                <wsdl:output message="tns:crearUsuarioSoapOut"/>
            </wsdl:operation>
            <wsdl:operation name="modificarUsuario">
                <wsdl:input message="tns:modificarUsuarioSoapIn"/>
                <wsdl:output message="tns:modificarUsuarioSoapOut"/>
            </wsdl:operation>
            <wsdl:operation name="eliminarUsuario">
                <wsdl:input message="tns:eliminarUsuarioSoapIn"/>
                <wsdl:output message="tns:eliminarUsuarioSoapOut"/>
            </wsdl:operation>
            <wsdl:operation name="consultarUsuario">
                <wsdl:input message="tns:consultarUsuarioSoapIn"/>
                <wsdl:output message="tns:consultarUsuarioSoapOut"/>
            </wsdl:operation>
            <wsdl:operation name="crearRequerimientos">
                <wsdl:input message="tns:crearRequerimientosSoapIn"/>
                <wsdl:output message="tns:crearRequerimientosSoapOut"/>
            </wsdl:operation>
            <wsdl:operation name="crearTicket">
                <wsdl:input message="tns:crearTicketSoapIn"/>
                <wsdl:output message="tns:crearTicketSoapOut"/>
            </wsdl:operation>
        </wsdl:portType>
        <wsdl:binding name="WebServiceGenericSoap" type="tns:WebServiceGenericSoap">
            <soap:binding transport="http://schemas.xmlsoap.org/soap/http"/>
            <wsdl:operation name="crearUsuario">
                <soap:operation soapAction="http://tempuri.org/crearUsuario" style="document"/>
                <wsdl:input>
                    <soap:body use="literal"/>
                </wsdl:input>
                <wsdl:output>
                    <soap:body use="literal"/>
                </wsdl:output>
            </wsdl:operation>
            <wsdl:operation name="modificarUsuario">
                <soap:operation soapAction="http://tempuri.org/modificarUsuario" style="document"/>
                <wsdl:input>
                    <soap:body use="literal"/>
                </wsdl:input>
                <wsdl:output>
                    <soap:body use="literal"/>
                </wsdl:output>
            </wsdl:operation>
            <wsdl:operation name="eliminarUsuario">
                <soap:operation soapAction="http://tempuri.org/eliminarUsuario" style="document"/>
                <wsdl:input>
                    <soap:body use="literal"/>
                </wsdl:input>
                <wsdl:output>
                    <soap:body use="literal"/>
                </wsdl:output>
            </wsdl:operation>
            <wsdl:operation name="consultarUsuario">
                <soap:operation soapAction="http://tempuri.org/consultarUsuario" style="document"/>
                <wsdl:input>
                    <soap:body use="literal"/>
                </wsdl:input>
                <wsdl:output>
                    <soap:body use="literal"/>
                </wsdl:output>
            </wsdl:operation>
            <wsdl:operation name="crearRequerimientos">
                <soap:operation soapAction="http://tempuri.org/crearRequerimientos" style="document"/>
                <wsdl:input>
                    <soap:body use="literal"/>
                </wsdl:input>
                <wsdl:output>
                    <soap:body use="literal"/>
                </wsdl:output>
            </wsdl:operation>
            <wsdl:operation name="crearTicket">
                <soap:operation soapAction="http://tempuri.org/crearTicket" style="document"/>
                <wsdl:input>
                    <soap:body use="literal"/>
                </wsdl:input>
                <wsdl:output>
                    <soap:body use="literal"/>
                </wsdl:output>
            </wsdl:operation>
        </wsdl:binding>
        <wsdl:binding name="WebServiceGenericSoap12" type="tns:WebServiceGenericSoap">
            <soap12:binding transport="http://schemas.xmlsoap.org/soap/http"/>
            <wsdl:operation name="crearUsuario">
                <soap12:operation soapAction="http://tempuri.org/crearUsuario" style="document"/>
                <wsdl:input>
                    <soap12:body use="literal"/>
                </wsdl:input>
                <wsdl:output>
                    <soap12:body use="literal"/>
                </wsdl:output>
            </wsdl:operation>
            <wsdl:operation name="modificarUsuario">
                <soap12:operation soapAction="http://tempuri.org/modificarUsuario" style="document"/>
                <wsdl:input>
                    <soap12:body use="literal"/>
                </wsdl:input>
                <wsdl:output>
                    <soap12:body use="literal"/>
                </wsdl:output>
            </wsdl:operation>
            <wsdl:operation name="eliminarUsuario">
                <soap12:operation soapAction="http://tempuri.org/eliminarUsuario" style="document"/>
                <wsdl:input>
                    <soap12:body use="literal"/>
                </wsdl:input>
                <wsdl:output>
                    <soap12:body use="literal"/>
                </wsdl:output>
            </wsdl:operation>
            <wsdl:operation name="consultarUsuario">
                <soap12:operation soapAction="http://tempuri.org/consultarUsuario" style="document"/>
                <wsdl:input>
                    <soap12:body use="literal"/>
                </wsdl:input>
                <wsdl:output>
                    <soap12:body use="literal"/>
                </wsdl:output>
            </wsdl:operation>
            <wsdl:operation name="crearRequerimientos">
                <soap12:operation soapAction="http://tempuri.org/crearRequerimientos" style="document"/>
                <wsdl:input>
                    <soap:body use="literal"/>
                </wsdl:input>
                <wsdl:output>
                    <soap:body use="literal"/>
                </wsdl:output>
            </wsdl:operation>
            <wsdl:operation name="crearTicket">
                <soap:operation soapAction="http://tempuri.org/crearTicket" style="document"/>
                <wsdl:input>
                    <soap:body use="literal"/>
                </wsdl:input>
                <wsdl:output>
                    <soap:body use="literal"/>
                </wsdl:output>
            </wsdl:operation>
        </wsdl:binding>
        <wsdl:service name="WebServiceGeneric">
            <wsdl:port binding="tns:WebServiceGenericSoap" name="WebServiceGenericSoap">
                <soap:address location="http://localhost/WSGestionIdentidad/WebServices/Generic/WebServiceGeneric.asmx"/>
            </wsdl:port>
            <wsdl:port binding="tns:WebServiceGenericSoap12" name="WebServiceGenericSoap12">
                <soap12:address location="http://localhost/WSGestionIdentidad/WebServices/Generic/WebServiceGeneric.asmx"/>
            </wsdl:port>
        </wsdl:service>
    </wsdl:definitions>
</localEntry>
