<?xml version="1.0" encoding="UTF-8"?><artifacts>
    <artifact name="gidentidades_xml" groupId="com.pichincha.wso2.ei.resource" version="1.0.0" type="registry/resource" serverRole="EnterpriseIntegrator">
        <item>
            <file>gidentidades.xml</file>
            <path>/_system/governance/pichincha</path>
            <mediaType>application/xml</mediaType>
        </item>
    </artifact>
    <artifact name="Insert_GIdentidades_xml" groupId="com.pichincha.wso2.ei.resource" version="1.0.0" type="registry/resource" serverRole="EnterpriseIntegrator">
        <item>
            <file>Insert_GIdentidades.xml</file>
            <path>/_system/governance/pichincha</path>
            <mediaType>application/xml</mediaType>
        </item>
    </artifact>
    <artifact name="Update_GIdentidad_xml" groupId="com.pichincha.wso2.ei.resource" version="1.0.0" type="registry/resource" serverRole="EnterpriseIntegrator">
        <item>
            <file>Update_GIdentidad.xml</file>
            <path>/_system/governance/pichincha</path>
            <mediaType>application/xml</mediaType>
        </item>
    </artifact>
    <artifact name="Update_HPTicket_xml" groupId="com.pichincha.wso2.ei.resource" version="1.0.0" type="registry/resource" serverRole="EnterpriseIntegrator">
        <item>
            <file>Update_HPTicket.xml</file>
            <path>/_system/governance/pichincha</path>
            <mediaType>application/xml</mediaType>
        </item>
    </artifact>
    <artifact name="Tier1_xml" groupId="com.pichincha.wso2.ei.resource" version="1.0.0" type="registry/resource" serverRole="EnterpriseIntegrator">
        <item>
            <file>Tier1.xml</file>
            <path>/_system/governance/pichincha</path>
            <mediaType>application/xml</mediaType>
        </item>
    </artifact>
    <artifact name="Tier2_xml" groupId="com.pichincha.wso2.ei.resource" version="1.0.0" type="registry/resource" serverRole="EnterpriseIntegrator">
        <item>
            <file>Tier2.xml</file>
            <path>/_system/governance/pichincha</path>
            <mediaType>application/xml</mediaType>
        </item>
    </artifact>
    <artifact name="Tier3_xml" groupId="com.pichincha.wso2.ei.resource" version="1.0.0" type="registry/resource" serverRole="EnterpriseIntegrator">
        <item>
            <file>Tier3.xml</file>
            <path>/_system/governance/pichincha</path>
            <mediaType>application/xml</mediaType>
        </item>
    </artifact>
    <artifact name="Tier4_xml" groupId="com.pichincha.wso2.ei.resource" version="1.0.0" type="registry/resource" serverRole="EnterpriseIntegrator">
        <item>
            <file>Tier4.xml</file>
            <path>/_system/governance/pichincha</path>
            <mediaType>application/xml</mediaType>
        </item>
    </artifact>
    <artifact name="updateRoleAd_xsl" groupId="com.pichincha.wso2.ei.resource" version="1.0.0" type="registry/resource" serverRole="EnterpriseIntegrator">
        <item>
            <file>updateRoleAd.xsl</file>
            <path>/_system/governance/pichincha</path>
            <mediaType>application/xsl+xml</mediaType>
        </item>
    </artifact>
</artifacts>
