<p:Update_GIdentidad xmlns:p="http://ws.wso2.org/dataservice">
	<p:Guid>$1</p:Guid>
	<p:IdMensaje>$2</p:IdMensaje>
	<p:Estado>$3</p:Estado>
	<p:UserStore>$4</p:UserStore>
	<p:MensajePeticion>$5</p:MensajePeticion>
	<p:MensajeRespuesta>$6</p:MensajeRespuesta>
	<p:SoapAction>$7</p:SoapAction>
	<p:Reintento>$8</p:Reintento>
	<p:StatusCodResp>$9</p:StatusCodResp>
	<p:MensajePeticionValores>
		<![CDATA[$10]]>
	</p:MensajePeticionValores>
	<p:MensajeRespuestaValores>
		<![CDATA[$11]]>
	</p:MensajeRespuestaValores>
</p:Update_GIdentidad>